IND_ID,Strain_ID
IND1,HpGP-KGZ-007
IND2,HPJ071
IND3,HpGP-KOR-037
IND4,HpGP-CHI-126
IND5,HpGP-BRA-007
IND6,HpGP-BGD-005
IND7,Evenky65
IND8,HpGP-USA-005
IND9,HpGP-COG-002
IND10,HpGP-COL-308
IND11,HpGP-BGD-006
IND12,HpGP-GRE-041
IND13,HpGP-POL-008
IND14,HpGP-CAN-002
IND15,HpGP-SPA-709
IND16,HpGP-POR-009
IND17,HpGP-POR-107
IND18,HpGP-VNM-005
IND19,HpGP-VNM-008
IND20,Evenky11
IND21,NP05-278
IND22,HpGP-FRA-012
IND23,HpGP-BRA-010
IND24,HpGP-BGD-004
IND25,HpGP-JAP-019
IND26,HpGP-JOR-010
IND27,HpGP-USA-410
IND28,Nanai40
IND29,HpGP-COG-010
IND30,HpGP-LAT-007
IND31,HpGP-TWN-006
IND32,HpGP-CHN-008
IND33,HpGP-CRI-002
IND34,HpGP-USA-009
IND35,HpGP-LAT-019
IND36,Khanty47
IND37,HpGP-FRA-015
IND38,CAN-196
IND39,HN-G262
IND40,HpGP-CHI-002
IND41,Evenky58
IND42,HpGP-HON-006
IND43,HpGP-LAT-005
IND44,HpGP-VNM-009
IND45,Yangon173
IND46,HpGP-IND-002
IND47,HpGP-ITA-009
IND48,MM2005-72
IND49,HpGP-POL-108
IND50,Tuvac46
IND51,HpGP-GER-002
IND52,HpGP-TWN-010
IND53,HpGP-IRN-009
IND54,HpGP-ISL-009
IND55,HpGP-LIT-029
IND56,HpGP-PRI-008
IND57,HpGP-SPA-504
IND58,HpGP-SWT-007
IND59,HpGP-USA-302
IND60,HpGP-USA-311
IND61,GC31-B
IND62,HpGP-GHA-009
IND63,Ca-97-34
IND64,HpGP-POR-004
IND65,Shi112
IND66,Hui1764
IND67,22087
IND68,HpGP-IND-006
IND69,HpGP-PER-111
IND70,HpGP-COL-210
IND71,HpGP-HON-002
IND72,HpGP-BRA-022
IND73,HpGP-CHN-005
IND74,HpGP-KOR-016
IND75,HpGP-MAL-021
IND76,HpGP-PRI-006
IND77,HpGP-CHI-117
IND78,HpGP-COG-004
IND79,HpGP-LAT-002
IND80,GAM115Ai
IND81,HpGP-PRI-004
IND82,Neuguinea66
IND83,SA194C
IND84,GAM120Ai
IND85,HpGP-ARG-005
IND86,HpGP-CAN-026
IND87,HpGP-COL-122
IND88,HpGP-ISL-008
IND89,HpGP-KOR-116
IND90,HpGP-JAP-104
IND91,HpGP-SPA-105
IND92,SA30C
IND93,HpGP-SWE-022
IND94,HpGP-CAN-016
IND95,HpGP-KOR-046
IND96,GAM100Ai
IND97,HpGP-SWE-017
IND98,GC34-HL
IND99,HP14039
IND100,GAM245Ai
IND101,HpGP-SGP-024
IND102,HpGP-TUR-008
IND103,HpGP-KOR-007
IND104,HpGP-BGR-001
IND105,HpGP-SPA-015
IND106,HpGP-HON-012
IND107,HpGP-USA-402
IND108,HpGP-SGP-026
IND109,CAN-243
IND110,HpGP-SWE-016
IND111,HpGP-CHI-210
IND112,HpGP-PER-102
IND113,HpGP-COL-207
IND114,HpGP-LIT-023
IND115,HpGP-MAL-017
IND116,HpGP-MMR-012
IND117,HpGP-RUS-001
IND118,HpGP-HON-020
IND119,HpGP-IDN-007
IND120,HpGP-ISL-007
IND121,38185
IND122,HpGP-ARG-007
IND123,HpGP-CHI-028
IND124,HP11049
IND125,HpGP-USA-101
IND126,HpGP-USA-105
IND127,HPAS23
IND128,HpGP-GTM-007
IND129,HpGP-MEX-044
IND130,HpGP-PER-115
IND131,HpGP-SPA-801
IND132,HpGP-MMR-001
IND133,HpGP-TUR-006
IND134,HpGP-CHN-003
IND135,HpGP-RUS-003
IND136,HpGP-SWT-012
IND137,HpGP-GMB-004
IND138,HpGP-CHI-204
IND139,HpGP-HON-016
IND140,HpGP-GER-007
IND141,HpGP-IND-007
IND142,HpGP-CHI-122
IND143,HpGP-MEX-024
IND144,HpGP-BGR-008
IND145,CAN-258
IND146,HP01234
IND147,HpGP-RUS-010
IND148,HpGP-COG-007
IND149,HpGP-PER-109
IND150,HpGP-CAN-006
IND151,HpGP-MEX-023
IND152,HpGP-USA-002
IND153,SA170C
IND154,Gambia94-24
IND155,HpGP-BRA-017
IND156,HP07036
IND157,HpGP-CHI-123
IND158,HP98123
IND159,HpGP-FRA-019
IND160,HpGP-USA-435
IND161,BURYAT19
IND162,Nentsy90
IND163,HpGP-BGR-007
IND164,HpGP-TWN-021
IND165,HpGP-LIT-007
IND166,HpGP-IND-008
IND167,HpGP-POR-010
IND168,HpGP-POL-103
IND169,HpGP-SGP-032
IND170,SA253C
IND171,HPJ023
IND172,HpGP-POR-109
IND173,HpGP-TWN-005
IND174,NP05-272
IND175,HpGP-FRA-020
IND176,HpGP-KAZ-002
IND177,HpGP-SPA-609
IND178,HpGP-USA-123
IND179,HpGP-SPA-003
IND180,HpGP-PER-101
IND181,HpGP-LAT-009
IND182,HpGP-SPA-009
IND183,HpGP-NPL-010
IND184,HpGP-SPA-018
IND185,HpGP-GRE-011
IND186,NAK7
IND187,HpGP-CHI-011
IND188,HpGP-HON-018
IND189,HpGP-MAL-015
IND190,HpGP-HON-007
IND191,HpGP-HON-015
IND192,HpGP-POR-113
IND193,22360
IND194,HpGP-IND-003
IND195,HpGP-LIT-004
IND196,SW21C
IND197,Myanmar51
IND198,Yangon179
IND199,HpGP-GER-016
IND200,HpGP-SPA-413
IND201,HpGP-SPA-108
IND202,HpGP-IDN-011
IND203,HpGP-KOR-118
IND204,HpGP-USA-436
IND205,HP98317
IND206,HpGP-RUS-006
IND207,HUP-B14
IND208,HpGP-SPA-501
IND209,HpGP-PER-108
IND210,SouthAfrica7
IND211,ES-15
IND212,SSR7
IND213,HpGP-SWE-008
IND214,HpGP-VNM-004
IND215,HpGP-JOR-008
IND216,HpGP-SPA-017
IND217,HpGP-IND-001
IND218,HpGP-POL-001
IND219,HpGP-SPA-710
IND220,HpGP-USA-011
IND221,HpGP-POL-101
IND222,HpGP-TWN-016
IND223,NYPt189
IND224,HpGP-ITA-020
IND225,Neuguinea78
IND226,21580
IND227,HpGP-SPA-409
IND228,HpGP-TUR-017
IND229,HpGP-BGD-007
IND230,HpGP-ISR-010
IND231,HpGP-SPA-706
IND232,Keto18
IND233,HpGP-COL-318
IND234,SA144A
IND235,HpGP-HON-014
IND236,HpGP-COG-005
IND237,HpGP-BGD-008
IND238,HpGP-KGZ-001
IND239,HpGP-CHI-001
IND240,HpGP-BGR-004
IND241,HpGP-CRI-001
IND242,HpGP-COL-004
IND243,HpGP-IRN-003
IND244,HpGP-SWE-018
IND245,NP05-112
IND246,Evenky01
IND247,HpGP-TUR-001
IND248,HpGP-COG-008
IND249,HpGP-KOR-101
IND250,HpGP-USA-301
IND251,HE-C50
IND252,HpGP-ISR-003
IND253,HpGP-KGZ-003
IND254,HpGP-USA-418
IND255,HN-G274
IND256,HpGP-USA-303
IND257,HpGP-CRI-006
IND258,HpGP-COL-005
IND259,HpGP-NPL-002
IND260,Nanai30
IND261,HpGP-KOR-019
IND262,HpGP-GTM-010
IND263,HpGP-MEX-045
IND264,HpGP-ARG-009
IND265,HpGP-ARG-010
IND266,HpGP-KOR-109
IND267,HpGP-USA-403
IND268,HpGP-ITA-028
IND269,HpGP-SPA-318
IND270,HpGP-LAT-012
IND271,HpGP-COL-204
IND272,SA155C
IND273,HpGP-USA-424
IND274,HLJHP271
IND275,SA220C
IND276,CAN-290
IND277,HpGP-KOR-053
IND278,HpGP-SPA-403
IND279,HpGP-ISL-006
IND280,HpGP-USA-115
IND281,52
IND282,HpGP-MEX-007
IND283,HpGP-LAT-021
IND284,26695
IND285,HpGP-SPA-321
IND286,HpGP-SPA-405
IND287,HpGP-ALG-005
IND288,HpGP-USA-420
IND289,P12
IND290,HpGP-PER-107
IND291,Nentsy65
IND292,HpGP-SWE-005
IND293,HpGP-GRE-004
IND294,HpGP-IDN-002
IND295,HpGP-ITA-010
IND296,HpGP-CAN-025
IND297,HpGP-FRA-002
IND298,SouthAfrica20
IND299,HpGP-IND-010
IND300,HP13050
IND301,HpGP-IDN-006
IND302,444
IND303,SA233C
IND304,HpGP-KOR-119
IND305,HE-C33
IND306,HpGP-TUR-016
IND307,HpGP-PER-124
IND308,HpGP-POL-007
IND309,Evenky73
IND310,HpGP-USA-412
IND311,HpGP-SPA-310
IND312,HpGP-LIT-010
IND313,HpGP-ISL-002
IND314,HpGP-BRA-023
IND315,HpGP-JAP-102
IND316,HpGP-SWT-014
IND317,HpGP-USA-414
IND318,HpGP-GRE-019
IND319,HpGP-ITA-025
IND320,HpGP-PER-136
IND321,HpGP-SGP-015
IND322,HpGP-ITA-004
IND323,HpGP-USA-008
IND324,HpGP-SPA-312
IND325,HN-G260
IND326,BURYAT27
IND327,HpGP-BRA-014
IND328,Hp-P-13
IND329,SSR5
IND330,51
IND331,HpGP-DOM-005
IND332,HpGP-GRE-036
IND333,HpGP-IRN-001
IND334,HpGP-MEX-032
IND335,HpGP-PER-013
IND336,HpGP-BRA-020
IND337,HpGP-SWE-034
IND338,HpGP-SWT-015
IND339,HpGP-SWE-012
IND340,HpGP-LAT-022
IND341,HpP_8
IND342,HpGP-CHI-016
IND343,ES-13
IND344,HpGP-DOM-003
IND345,NP05-121
IND346,HpGP-LAT-036
IND347,HpGP-MMR-009
IND348,HpGP-IDN-001
IND349,HpGP-ISL-010
IND350,HpGP-CHI-024
IND351,L7
IND352,Myanmar66
IND353,PNG84A
IND354,HpGP-ARG-003
IND355,HpGP-BRA-004
IND356,HpGP-FRA-003
IND357,HpGP-SWE-010
IND358,HpGP-USA-204
IND359,HpGP-LAT-023
IND360,HpGP-POR-108
IND361,HpGP-TWN-024
IND362,HpGP-ZAF-011
IND363,HpGP-SPA-002
IND364,HpGP-JAP-029
IND365,HpGP-SPA-313
IND366,HpGP-CAN-010
IND367,HpGP-HON-021
IND368,HpGP-FRA-018
IND369,HpGP-GRE-001
IND370,HpGP-POR-012
IND371,30950
IND372,NP04
IND373,HpGP-LIT-021
IND374,HpGP-LAT-017
IND375,HP08061
IND376,Mandalay38
IND377,G27
IND378,HpGP-MEX-046
IND379,HpGP-SPA-320
IND380,GAM105Ai
IND381,HpGP-POL-002
IND382,HpGP-RUS-002
IND383,HpGP-SPA-604
IND384,HpGP-MAL-022
IND385,HpGP-JOR-005
IND386,HpGP-JAP-114
IND387,HpGP-SPA-803
IND388,HpGP-ALG-007
IND389,HpGP-ITA-016
IND390,HpGP-SPA-203
IND391,HpGP-KOR-042
IND392,HpGP-BRA-018
IND393,HpGP-KOR-008
IND394,HpGP-LAT-034
IND395,HpGP-CHI-209
IND396,HpGP-KOR-028
IND397,SA251C
IND398,HpGP-GER-004
IND399,HpGP-TUR-010
IND400,HpGP-MEX-006
IND401,HpGP-LAT-015
IND402,HpGP-GER-006
IND403,HpGP-SPA-202
IND404,HpGP-SPA-311
IND405,HpGP-SPA-611
IND406,HpGP-ITA-023
IND407,HpGP-SPA-104
IND408,HpGP-VNM-006
IND409,31181
IND410,HpGP-SWE-036
IND411,PeCan18
IND412,HpGP-USA-411
IND413,HpGP-CAN-008
IND414,HpGP-SWT-011
IND415,HpGP-SPA-303
IND416,HpGP-GER-005
IND417,Hp-P-11
IND418,HpGP-POL-102
IND419,HpGP-CHI-004
IND420,HE-NC24-6
IND421,NYPt310
IND422,HpGP-COL-205
IND423,HpGP-CHI-114
IND424,HpGP-JOR-003
IND425,HpGP-KOR-002
IND426,HpGP-KOR-043
IND427,Pt-7901
IND428,HpGP-GRE-003
IND429,HpGP-CHI-008
IND430,HpGP-MEX-008
IND431,HpGP-TUR-005
IND432,HpGP-SWE-032
IND433,HpGP-MAL-004
IND434,mong49
IND435,Hp-A11
IND436,HpGP-IDN-004
IND437,HpGP-ISR-001
IND438,HpGP-GRE-042
IND439,HpGP-KOR-052
IND440,HpGP-ITA-015
IND441,HpGP-JAP-002
IND442,HpGP-JOR-001
IND443,HpGP-SWE-031
IND444,SA146C
IND445,HpGP-SPA-201
IND446,HpGP-SGP-033
IND447,HpGP-GMB-008
IND448,HpGP-ITA-030
IND449,HpGP-NGA-010
IND450,Nic21_C
IND451,HpGP-ISR-009
IND452,HpGP-PER-018
IND453,HpGP-USA-415
IND454,HpGP-TUR-014
IND455,Aklavik117
IND456,HpGP-BGD-009
IND457,HpGP-MAL-006
IND458,HpGP-SGP-012
IND459,PeCan4
IND460,HpGP-GRE-044
IND461,HpGP-SPA-323
IND462,SA161C
IND463,HpGP-NPL-013
IND464,HpGP-LIT-003
IND465,HpGP-MMR-007
IND466,HpGP-FRA-021
IND467,HpGP-POR-114
IND468,HpGP-KOR-049
IND469,XZ274
IND470,HpGP-JOR-002
IND471,HpGP-USA-434
IND472,GAM239Bi
IND473,HpGP-KOR-050
IND474,448
IND475,HpGP-JOR-009
IND476,HpGP-COG-006
IND477,CAN-172
IND478,Sat464
IND479,HpGP-TUR-011
IND480,HpGP-NPL-003
IND481,HpGP-TUR-021
IND482,CAN-095
IND483,HpGP-USA-427
IND484,Yangon222
IND485,HpGP-SPA-204
IND486,HpGP-ITA-013
IND487,HpGP-JAP-106
IND488,HpGP-USA-409
IND489,HpGP-ITA-006
IND490,HpGP-SPA-509
IND491,HpGP-HON-004
IND492,HpGP-LIT-012
IND493,HpGP-SPA-304
IND494,HpGP-MAL-003
IND495,35A
IND496,BURYAT49
IND497,altai11
IND498,HpGP-ALG-001
IND499,HpGP-COL-108
IND500,HpGP-IDN-008
IND501,HpGP-POL-009
IND502,HpGP-USA-208
IND503,HpGP-JAP-101
IND504,HpGP-HON-005
IND505,HpGP-CHN-006
IND506,SA45C
IND507,HpGP-POR-005
IND508,HpGP-LAT-025
IND509,HpGP-IDN-009
IND510,SW7C
IND511,HpGP-IND-004
IND512,HpGP-LAT-033
IND513,Hp-A27
IND514,HpGP-ITA-022
IND515,HpGP-KOR-006
IND516,HpGP-TUR-004
IND517,HpGP-USA-433
IND518,HpGP-SGP-019
IND519,HpGP-MAL-002
IND520,HpGP-ALG-009
IND521,HpGP-ARG-008
IND522,HpGP-ITA-018
IND523,HpGP-KOR-012
IND524,HpGP-COL-202
IND525,HpGP-BRA-005
IND526,HpGP-SWE-015
IND527,HpGP-SWE-021
IND528,HpGP-BRA-015
IND529,HpGP-NPL-001
IND530,HpGP-LAT-011
IND531,HpGP-SWT-002
IND532,HpGP-USA-406
IND533,HpGP-JAP-115
IND534,HpGP-SPA-414
IND535,HpGP-USA-206
IND536,HpGP-PER-020
IND537,HpGP-ISR-005
IND538,HpGP-ZAF-004
IND539,HpGP-CHI-010
IND540,HpGP-COG-001
IND541,HpGP-GRE-005
IND542,HpGP-ITA-019
IND543,HpGP-KOR-115
IND544,HpGP-POR-112
IND545,HpGP-SGP-009
IND546,HpGP-SWE-007
IND547,VE-HV055
IND548,HpGP-SGP-017
IND549,HpGP-SPA-103
IND550,SSR8
IND551,HpGP-SPA-308
IND552,HpGP-GER-009
IND553,Ca-97-30
IND554,HpGP-JAP-107
IND555,HpGP-LAT-028
IND556,HpGP-COL-203
IND557,HpGP-BGD-010
IND558,HpGP-COL-209
IND559,HpGP-LAT-031
IND560,HpGP-SWE-033
IND561,HpGP-USA-201
IND562,HpGP-CHI-125
IND563,HpGP-FRA-014
IND564,HpGP-CHI-120
IND565,HpGP-COL-310
IND566,HpGP-PER-119
IND567,HpGP-SPA-004
IND568,HpGP-USA-401
IND569,HpGP-NGA-019
IND570,29009
IND571,HpGP-MAL-012
IND572,HpGP-SPA-012
IND573,SA172C
IND574,HpGP-GMB-009
IND575,HpGP-TWN-001
IND576,HP13068
IND577,HpGP-BRA-003
IND578,HpGP-HON-001
IND579,HpGP-SPA-209
IND580,HpGP-SWE-003
IND581,HpGP-COL-104
IND582,GAM119Bi
IND583,HpGP-PER-121
IND584,HpGP-SPA-107
IND585,HpGP-POL-010
IND586,altai59
IND587,B25
IND588,HpGP-SGP-006
IND589,HpGP-SPA-019
IND590,BURYAT14
IND591,HpGP-CHN-001
IND592,HpGP-CRI-004
IND593,HpGP-SPA-007
IND594,HpGP-MMR-004
IND595,HpGP-PER-021
IND596,HpGP-SPA-707
IND597,HpGP-COL-208
IND598,HpGP-RUS-004
IND599,HpGP-TUR-007
IND600,HpGP-SGP-013
IND601,HpGP-ZAF-001
IND602,HpGP-SPA-503
IND603,MGms203
IND604,HpGP-MAL-023
IND605,HpGP-LAT-032
IND606,HpGP-POR-011
IND607,HpGP-ZAF-006
IND608,HpGP-USA-102
IND609,India7
IND610,HpGP-CHI-026
IND611,HpGP-USA-437
IND612,Pt-7739
IND613,98-10
IND614,HpGP-MAL-010
IND615,Neuguinea42
IND616,HpGP-CHI-014
IND617,HpGP-COL-307
IND618,HpGP-JAP-021
IND619,HpGP-USA-205
IND620,MG2005-98
IND621,HpGP-KGZ-008
IND622,HpGP-USA-419
IND623,HpGP-VNM-003
IND624,Khanty17
IND625,HpGP-TUR-023
IND626,HpGP-BGR-003
IND627,HpGP-LIT-030
IND628,HpGP-SPA-325
IND629,HpGP-PRI-002
IND630,HpGP-USA-417
IND631,HpGP-COL-105
IND632,HpGP-SPA-802
IND633,SA252C
IND634,HpGP-FRA-001
IND635,HpGP-MMR-003
IND636,Nic30_A
IND637,HpGP-USA-429
IND638,HpGP-SPA-207
IND639,HpGP-BRA-012
IND640,HpGP-SPA-306
IND641,HpGP-LIT-013
IND642,HpGP-USA-305
IND643,HpGP-PER-113
IND644,HpGP-USA-428
IND645,HpGP-KOR-105
IND646,HpGP-HON-003
IND647,HpGP-LIT-006
IND648,CPY1124
IND649,HpGP-GRE-018
IND650,HpGP-USA-304
IND651,HpGP-TWN-019
IND652,HpGP-RUS-007
IND653,HpGP-FRA-005
IND654,HpGP-SGP-036
IND655,HpGP-SPA-324
IND656,HpGP-HON-023
IND657,HpGP-KOR-047
IND658,HpGP-GER-019
IND659,HpGP-COL-113
IND660,HpGP-NPL-007
IND661,HpGP-SPA-006
IND662,HpGP-ISR-006
IND663,HpGP-JAP-105
IND664,HpGP-LIT-032
IND665,HpGP-ALG-003
IND666,HpGP-PER-112
IND667,HpGP-KOR-001
IND668,HpGP-SPA-406
IND669,HpGP-SWT-008
IND670,HpGP-USA-202
IND671,SA156C
IND672,HpGP-PER-116
IND673,Even14
IND674,HpGP-SWE-030
IND675,HpGP-ITA-008
IND676,HpGP-SPA-322
IND677,HpGP-TWN-026
IND678,HpGP-NPL-005
IND679,HpGP-SGP-002
IND680,Yangon142
IND681,HpGP-JAP-009
IND682,HpGP-TWN-028
IND683,HpGP-PRI-001
IND684,Nic24_A
IND685,Pt-7757
IND686,HpGP-CRI-003
IND687,HpGP-SPA-601
IND688,GC65-HL
IND689,HpGP-SPA-314
IND690,HpGP-SPA-506
IND691,HpGP-ISR-002
IND692,HpGP-HON-027
IND693,HpGP-NPL-012
IND694,HpGP-POL-109
IND695,HpGP-USA-104
IND696,HpGP-KOR-036
IND697,HpGP-CAN-007
IND698,HpGP-SPA-319
IND699,HpGP-TWN-009
IND700,GAM118Bi
IND701,HpGP-KGZ-004
IND702,HpGP-COG-009
IND703,HpGP-KGZ-010
IND704,HP99255
IND705,HpGP-SPA-401
IND706,HpGP-COL-206
IND707,HpGP-KOR-029
IND708,HpGP-COL-305
IND709,HpGP-JAP-026
IND710,HpGP-SPA-705
IND711,HpGP-FRA-010
IND712,HpGP-CAN-015
IND713,HpGP-GRE-020
IND714,HpGP-ITA-012
IND715,HpGP-MMR-011
IND716,HpGP-SPA-805
IND717,HpGP-COG-003
IND718,HpGP-SPA-020
IND719,HpGP-USA-432
IND720,HpGP-SWE-004
IND721,HpGP-BGD-001
IND722,HpGP-POR-018
IND723,HpGP-CAN-018
IND724,HpGP-SPA-315
IND725,HpGP-SPA-807
IND726,HpGP-JOR-004
IND727,HpGP-SPA-101
IND728,F30
IND729,HpGP-GMB-007
IND730,HpGP-SWE-026
IND731,HpGP-CHI-022
IND732,HpGP-HON-011
IND733,HpGP-VNM-002
IND734,HpGP-CHI-207
IND735,HpGP-MMR-006
IND736,HpGP-PER-019
IND737,HpGP-SWT-005
IND738,HpGP-NGA-017
IND739,33375
IND740,Khanty04
IND741,ES-11
IND742,HpGP-KOR-025
IND743,HpGP-CHN-007
IND744,HpGP-KOR-044
IND745,HpGP-HON-010
IND746,HpGP-ZAF-010
IND747,HpGP-ITA-002
IND748,MM2004-20
IND749,HP98490
IND750,HpGP-HON-024
IND751,HpGP-SPA-309
IND752,HpGP-USA-407
IND753,SA166A
IND754,Shi417
IND755,mong44
IND756,Nentsy37
IND757,GAMchjs106B
IND758,HpGP-SPA-014
IND759,HpGP-GER-021
IND760,HpGP-POL-004
IND761,HpGP-JAP-010
IND762,HpGP-LIT-026
IND763,Khanty26
IND764,HpGP-KOR-032
IND765,HPJ148
IND766,HpGP-SWT-013
IND767,TUVAB15
IND768,HpGP-LIT-001
IND769,HpGP-COL-120
IND770,HpGP-KOR-041
IND771,HpGP-MMR-005
IND772,HpGP-POL-105
IND773,22402
IND774,HpGP-CRI-007
IND775,HpGP-COL-002
IND776,HpGP-TUR-002
IND777,HpGP-SWE-002
IND778,HpGP-TWN-004
IND779,yak97
IND780,BURYAT9
IND781,HpGP-CHI-027
IND782,HpGP-KOR-111
IND783,HpGP-HON-028
IND784,HpGP-DOM-011
IND785,Shi169
IND786,HpGP-ISL-003
IND787,HpGP-GRE-012
IND788,CAN-136
IND789,HpGP-CHI-127
IND790,HpGP-COL-201
IND791,HpGP-SWE-001
IND792,SA29A
IND793,HpGP-TWN-008
IND794,HpGP-PER-140
IND795,HpGP-CAN-020
IND796,HpGP-MEX-010
IND797,HpGP-CHI-116
IND798,HpGP-ITA-024
IND799,HpGP-KOR-045
IND800,HpGP-BRA-013
IND801,HpGP-USA-004
IND802,GAM103Bi
IND803,HpGP-KGZ-002
IND804,HpGP-SPA-111
IND805,B45
IND806,HpGP-GER-010
IND807,HpGP-BGR-005
IND808,HpGP-SGP-005
IND809,HPJ156
IND810,HpGP-MEX-009
IND811,HpGP-COL-112
IND812,HN-G257
IND813,HpGP-CHI-021
IND814,HpGP-CHI-103
IND815,HpGP-IDN-003
IND816,HpGP-MEX-027
IND817,Keto60
IND818,HpGP-LAT-003
IND819,HpGP-CAN-023
IND820,HpGP-COL-302
IND821,HpGP-LIT-041
IND822,HpGP-SGP-008
IND823,HpGP-SPA-010
IND824,HpGP-SPA-704
IND825,HpGP-SWT-001
IND826,HpGP-CHN-009
IND827,B40
IND828,HpGP-POR-110
IND829,HpGP-GTM-004
IND830,MX-2004-125
IND831,Tuvac80
IND832,HpGP-NPL-009
IND833,HpGP-JAP-012
IND834,HpGP-COL-114
IND835,HpGP-KGZ-005
IND836,HpGP-POR-001
IND837,Puno120
IND838,HpGP-KOR-024
IND839,NP05-107
IND840,K26A1
IND841,HpGP-GRE-039
IND842,HpGP-ZAF-007
IND843,HpGP-FRA-011
IND844,HpGP-BRA-009
IND845,22093
IND846,HpGP-COL-119
IND847,HpGP-PER-106
IND848,HpGP-ISL-004
IND849,HpGP-MEX-040
IND850,HpGP-KOR-051
IND851,HpGP-SPA-013
IND852,HpGP-CHI-106
IND853,HpGP-COL-003
IND854,HpGP-JAP-017
IND855,HpGP-MEX-001
IND856,HpGP-BGD-002
IND857,HpGP-BRA-006
IND858,HpGP-JAP-112
IND859,HpGP-MEX-035
IND860,SA35C
IND861,HpGP-GRE-040
IND862,HpGP-ITA-005
IND863,HpGP-COL-006
IND864,HpGP-KOR-048
IND865,HpGP-PER-130
IND866,HpGP-CHI-006
IND867,HpGP-KOR-021
IND868,HP13005
IND869,HpGP-POR-007
IND870,GAM201Ai
IND871,HpGP-BRA-002
IND872,HpGP-JAP-111
IND873,HpGP-JAP-108
IND874,Khanty27
IND875,HpGP-ZAF-008
IND876,HpGP-ARG-004
IND877,HpGP-HON-026
IND878,HpGP-MEX-043
IND879,HpGP-PER-105
IND880,HpGP-SPA-606
IND881,HpGP-ISL-005
IND882,HpGP-LAT-020
IND883,HpGP-FRA-013
IND884,HpGP-USA-408
IND885,HE-NC32-5
IND886,HpGP-IND-005
IND887,HpGP-LAT-004
IND888,HpGP-MAL-020
IND889,Nentsy29
IND890,HpGP-LIT-002
IND891,HpGP-GER-018
IND892,HpGP-MEX-012
IND893,HpGP-SWE-006
IND894,HpGP-TWN-027
IND895,HpGP-MAL-016
IND896,HpGP-POR-115
IND897,HpGP-ITA-027
IND898,HpGP-SPA-702
IND899,HpGP-SGP-003
IND900,HpGP-MAL-019
IND901,HpGP-USA-413
IND902,HpGP-POR-111
IND903,HpGP-KOR-004
IND904,HpGP-POR-102
IND905,HpGP-SPA-307
IND906,HpGP-SWT-004
IND907,HpGP-LIT-035
IND908,HpGP-CHN-010
IND909,HpGP-GER-020
IND910,34320
IND911,HpGP-JAP-103
IND912,HpGP-KOR-117
IND913,Neuguinea12
IND914,ES-10
IND915,Pt-8186
IND916,HpGP-SPA-607
IND917,HpGP-MMR-010
IND918,HpGP-POR-104
IND919,HpGP-POR-103
IND920,HpGP-SGP-014
IND921,HpGP-COL-103
IND922,HpGP-GER-003
IND923,HpGP-KOR-027
IND924,HpGP-SPA-011
IND925,HpGP-SGP-038
IND926,HpGP-SPA-505
IND927,HpGP-ALG-008
IND928,HpGP-SPA-804
IND929,HpGP-SPA-402
IND930,HpGP-SWE-014
IND931,HpGP-TWN-029
IND932,ausabrJ05
IND933,HpGP-USA-404
IND934,Khanty30
IND935,HpGP-CRI-005
IND936,HpGP-KOR-013
IND937,HpGP-CAN-012
IND938,Khanty40
IND939,HpGP-KOR-114
IND940,HpGP-HON-009
IND941,HpGP-PRI-007
IND942,HpGP-JOR-007
IND943,HpGP-CHN-002
IND944,HpGP-MAL-005
IND945,HpGP-CHI-007
IND946,HpGP-JOR-006
IND947,HpGP-JAP-109
IND948,HpGP-LAT-029
IND949,HpGP-MAL-018
IND950,HpGP-USA-431
IND951,HpGP-IDN-010
IND952,HpGP-ITA-026
IND953,HpGP-MEX-003
IND954,SouthAfrica50
IND955,ALA9
IND956,HpGP-POL-003
IND957,HpGP-COL-110
IND958,HpGP-ISR-008
IND959,ALA5
IND960,HpGP-CHI-107
IND961,HpGP-HON-025
IND962,HpGP-PER-011
IND963,HpGP-SPA-316
IND964,F16
IND965,HpGP-KGZ-006
IND966,HpGP-KOR-022
IND967,Neuguinea51
IND968,NYPt273
IND969,HpGP-CAN-019
IND970,Cuz20
IND971,HpGP-COL-301
IND972,HpGP-CHI-113
IND973,HpGP-SPA-210
IND974,HpGP-SGP-018
IND975,HpGP-LIT-028
IND976,HpGP-JAP-016
IND977,HpGP-SGP-004
IND978,HpGP-CAN-011
IND979,HpGP-CAN-004
IND980,HpGP-BRA-025
IND981,GAM101Biv
IND982,HpGP-KOR-110
IND983,HpGP-KOR-020
IND984,SA227C
IND985,FD662
IND986,HpGP-PRI-005
IND987,HpGP-LAT-024
IND988,HpGP-SGP-007
IND989,HpGP-SPA-110
IND990,HpGP-SPA-008
IND991,HpGP-SPA-301
IND992,HpGP-SPA-510
IND993,HpGP-USA-003
IND994,HpGP-TWN-002
IND995,HpGP-CHI-119
IND996,HpGP-PER-117
IND997,HpGP-PER-103
IND998,HpGP-CHI-101
IND999,HpGP-USA-207
IND1000,Hui1766
IND1001,HpGP-DOM-008
IND1002,HpGP-SPA-703
IND1003,HpGP-NPL-004
IND1004,v225d
IND1005,HpGP-SWT-017
IND1006,HpGP-TUR-022
IND1007,HpGP-ISR-004
IND1008,HpGP-USA-421
IND1009,HpGP-SPA-205
IND1010,HpGP-CHI-124
IND1011,HpGP-DOM-009
IND1012,HpGP-LAT-008
IND1013,HpGP-SPA-317
IND1014,Khanty39
IND1015,HpGP-POR-008
IND1016,Hp-A14
IND1017,HpGP-DOM-010
IND1018,HpGP-SWT-006
IND1019,HpGP-POL-110
IND1020,MX-2002-14
IND1021,Nentsy32
IND1022,Nentsy38
IND1023,SA226A
IND1024,HpGP-CAN-014
IND1025,HpGP-CHI-104
IND1026,HpGP-CHI-212
IND1027,Khanty16
IND1028,ES-7
IND1029,HpGP-USA-203
IND1030,HpGP-CHI-018
IND1031,HpGP-POR-002
IND1032,HpGP-TUR-009
IND1033,MM2012-26
IND1034,HpGP-RUS-011
IND1035,HpGP-GRE-046
IND1036,HpGP-FRA-016
IND1037,HpGP-GMB-003
IND1038,HP08074
IND1039,HpGP-VNM-007
IND1040,HpGP-26695-ATCC
IND1041,HpGP-IRN-002
IND1042,HpGP-TWN-020
IND1043,HpGP-MMR-008
IND1044,HpGP-BRA-001
IND1045,HpGP-CHI-017
IND1046,HpGP-COL-303
IND1047,HpGP-COL-309
IND1048,HpGP-DOM-001
IND1049,HpGP-ITA-007
IND1050,HpGP-SPA-507
IND1051,HpGP-FRA-007
IND1052,HpGP-TWN-030
IND1053,SA169C
IND1054,HpGP-SWE-025
IND1055,SA157A
IND1056,HpGP-JAP-113
IND1057,HpGP-SPA-302
IND1058,Nentsy81
IND1059,HpGP-MEX-028
IND1060,HpGP-POL-107
IND1061,HpGP-POR-003
IND1062,HpGP-ALG-010
IND1063,HpGP-KOR-112
IND1064,HpGP-CHI-102
IND1065,HpGP-GER-015
IND1066,HpGP-DOM-004
IND1067,CAN-019
IND1068,HpGP-DOM-007
IND1069,HpGP-LIT-024
IND1070,HpGP-GER-001
IND1071,HpGP-MEX-002
IND1072,HpGP-COL-118
IND1073,HpGP-FRA-004
IND1074,HpGP-RUS-008
IND1075,HpGP-GRE-006
IND1076,HpGP-SPA-001
IND1077,HpGP-SPA-005
IND1078,HpGP-LAT-001
IND1079,HpGP-ITA-014
IND1080,SA46C
IND1081,HpGP-KOR-005
IND1082,HpGP-MEX-041
IND1083,HpGP-KOR-023
IND1084,HpGP-USA-106
IND1085,HpGP-CHI-105
IND1086,HpGP-CRI-008
IND1087,HpGP-PER-110
IND1088,HpGP-POL-106
IND1089,HpGP-LAT-030
IND1090,HpGP-LIT-025
IND1091,HpGP-MMR-002
IND1092,Puno135
IND1093,HpGP-VNM-001
IND1094,HpGP-JAP-028
IND1095,HpGP-USA-405
IND1096,HpGP-TWN-007
IND1097,SA175A
IND1098,Nic32_A
IND1099,MCms1055
IND1100,HpGP-TWN-018
IND1101,HpGP-MEX-004
IND1102,HpGP-ZAF-002
IND1103,HpGP-KOR-035
IND1104,HpGP-PER-017
IND1105,HpGP-LAT-035
IND1106,HpGP-COL-008
IND1107,Nentsy82
IND1108,HpGP-COG-011
IND1109,Neuguinea25
IND1110,HpGP-GRE-022
IND1111,Nic29_A
IND1112,HpGP-PER-104
IND1113,HpGP-SWT-010
IND1114,Aklavik86
IND1115,HpGP-MAL-007
IND1116,HpGP-CHI-110
IND1117,HpGP-LIT-031
IND1118,HpGP-HON-017
IND1119,HLJHP193
IND1120,HpGP-MAL-008
IND1121,HpGP-TUR-003
IND1122,HP08058
IND1123,HpGP-CAN-001
IND1124,HpGP-SPA-806
IND1125,HpGP-COL-121
IND1126,HpGP-KOR-009
IND1127,HpGP-NGA-006
IND1128,HpGP-BRA-008
IND1129,HpGP-HON-019
IND1130,HpGP-BGR-010
IND1131,HpGP-ITA-011
IND1132,HpGP-TWN-022
IND1133,Neuguinea63
IND1134,HpGP-PER-114
IND1135,ALA3
IND1136,HpGP-LAT-026
IND1137,HpGP-BGR-006
IND1138,HpGP-IND-009
IND1139,HpGP-COL-106
IND1140,HpGP-SWE-027
IND1141,HpGP-GRE-002
IND1142,HpGP-SPA-016
IND1143,HpGP-ARG-006
IND1144,HpGP-USA-425
IND1145,HpGP-LAT-010
IND1146,HpGP-NPL-006
IND1147,HpGP-POR-105
IND1148,HpGP-COL-211
IND1149,HpGP-LAT-006
IND1150,HpGP-POR-006
IND1151,HpGP-SPA-610
IND1152,SSR3
IND1153,J99
IND1154,HpGP-SWE-019
IND1155,Shi470
IND1156,HpGP-USA-001
IND1157,HpGP-LAT-027
IND1158,HpGP-KOR-034
IND1159,HpGP-GRE-043
IND1160,HpGP-POR-101
IND1161,HpGP-COL-109
IND1162,HpGP-PER-016
IND1163,HpGP-SPA-508
IND1164,HpGP-GER-012
IND1165,HpGP-SWE-028
IND1166,HpGP-BGD-003
IND1167,HpGP-DOM-006
IND1168,HpGP-FRA-009
IND1169,HpGP-ISL-011
IND1170,HpGP-TWN-003
IND1171,HpGP-TWN-023
IND1172,HpGP-CHI-023
IND1173,HpGP-ITA-001
IND1174,HpGP-JAP-013
IND1175,HpGP-ALG-004
IND1176,HpGP-JAP-015
IND1177,HpGP-SWE-024
IND1178,HpGP-USA-416
IND1179,Pt-7854
IND1180,HpGP-ALG-006
IND1181,Koryak28
IND1182,SA158C
IND1183,HpGP-USA-116
IND1184,Nentsy28
IND1185,HP99440
IND1186,HpGP-ARG-002
IND1187,HpGP-COL-102
IND1188,HpGP-CAN-022
IND1189,HpGP-CHN-004
IND1190,HpGP-BRA-019
IND1191,HpGP-NPL-008
IND1192,HpGP-POR-106
IND1193,Myanmar52
IND1194,HP15005
IND1195,HPAG1
IND1196,HpGP-SPA-206
IND1197,HpGP-GRE-008
IND1198,HpGP-ISR-007
IND1199,HpGP-ARG-001
IND1200,HpGP-HON-013
IND1201,HpGP-ITA-017
IND1202,HpGP-KAZ-001
IND1203,HpGP-POL-006
IND1204,HpGP-POR-015
IND1205,SSR9
IND1206,GAM121Aii
IND1207,HpGP-SPA-701
IND1208,HpGP-TWN-017
IND1209,HpGP-ALG-002
IND1210,TUVAB18a
IND1211,HpGP-POL-005
IND1212,Koryak37
IND1213,HpGP-POL-104
IND1214,HpGP-SPA-404
IND1215,HpGP-GER-013
IND1216,HpGP-USA-423
IND1217,HpGP-POR-013
IND1218,Hui1769
IND1219,HpGP-CHI-005
IND1220,HpGP-NPL-011
IND1221,SA168C
IND1222,HpGP-DOM-002
IND1223,HpGP-COL-107
IND1224,HpGP-KGZ-009
IND1225,HpGP-KOR-010
IND1226,HpGP-USA-306
IND1227,HpGP-SPA-305
IND1228,HpGP-PER-014
IND1229,Sakhalin60
IND1230,HpGP-MAL-025
IND1231,HpGP-KOR-014
IND1232,HpGP-LAT-018
IND1233,HpGP-COL-010
IND1234,HpGP-COL-306
IND1235,HLJHP253
IND1236,HLJHP256
IND1237,HpGP-ISL-001
IND1238,HpGP-JAP-022
IND1239,HpGP-KOR-033
IND1240,22352
IND1241,HpGP-ITA-029
IND1242,HpGP-PER-138
IND1243,HpGP-SWT-003
IND1244,HpGP-USA-120
IND1245,HpGP-USA-422
IND1246,HpGP-FRA-006
IND1247,HpGP-LIT-020
IND1248,HpGP-SPA-102
IND1249,HN-G266
IND1250,HpGP-SPA-502
IND1251,HpGP-USA-119
IND1252,HpGP-FRA-017
IND1253,HpGP-IDN-005
IND1254,HpGP-ZAF-009
IND1255,MX-2004-102
IND1256,HpGP-JAP-110
IND1257,B47
IND1258,HpGP-GHA-003
IND1259,HpGP-LAT-014
IND1260,HpGP-SPA-407
IND1261,HpGP-SWE-013
IND1262,HpGP-FRA-008
IND1263,HpGP-RUS-009
IND1264,HpGP-CAN-017
IND1265,HpGP-LIT-008
IND1266,HpGP-ITA-003
IND1267,HpGP-CHI-208