ID_IND,ID_Strain,POP,DAPC
IND1,MG2005-98,hspSWEuropeLATAM,1
IND2,HpGP-USA-004,hspSWEuropeLATAM,1
IND3,HpGP-MEX-024,hspSWEuropeLATAM,1
IND4,HpGP-MEX-035,hspSWEuropeLATAM,1
IND5,HpGP-MEX-002,hspSWEuropeLATAM,1
IND6,HpGP-IDN-009,hspSWEuropeLATAM,1
IND7,MM2004-20,hspSWEuropeLATAM,1
IND8,HpGP-MEX-012,hspSWEuropeLATAM,1
IND9,HpGP-MEX-032,hspSWEuropeLATAM,1
IND10,HpGP-MEX-001,hspSWEuropeLATAM,1
IND11,HpGP-MEX-010,hspSWEuropeLATAM,1
IND12,HpGP-MEX-004,hspSWEuropeLATAM,1
IND13,HpGP-MEX-003,hspSWEuropeLATAM,1
IND14,HpGP-HON-027,hspSWEuropeLATAM,1
IND15,HpGP-HON-002,hspSWEuropeLATAM,1
IND16,HpGP-HON-001,hspSWEuropeLATAM,1
IND17,HpGP-USA-002,hspSWEuropeLATAM,1
IND18,HpGP-MEX-006,hspSWEuropeLATAM,1
IND19,HpGP-CRI-002,hspSWEuropeLATAM,1
IND20,HpGP-CRI-003,hspSWEuropeLATAM,1
IND21,HpGP-CRI-005,hspSWEuropeLATAM,1
IND22,HpGP-CRI-006,hspSWEuropeLATAM,1
IND23,HpGP-CRI-008,hspSWEuropeLATAM,1
IND24,HpGP-CRI-001,hspSWEuropeLATAM,1
IND25,HpGP-GTM-007,hspSWEuropeLATAM,1
IND26,HpGP-HON-026,hspSWEuropeLATAM,1
IND27,HpGP-GTM-004,hspSWEuropeLATAM,1
IND28,HpGP-HON-025,hspSWEuropeLATAM,1
IND29,HN-G266,hspSWEuropeLATAM,1
IND30,HN-G257,hspSWEuropeLATAM,1
IND31,HN-G274,hspSWEuropeLATAM,1
IND32,HpGP-HON-024,hspSWEuropeLATAM,1
IND33,HN-G262,hspSWEuropeLATAM,1
IND34,HpGP-HON-028,hspSWEuropeLATAM,1
IND35,HN-G260,hspSWEuropeLATAM,1
IND36,HpGP-HON-011,hspSWEuropeLATAM,1
IND37,HpGP-HON-005,hspSWEuropeLATAM,1
IND38,HpGP-HON-009,hspSWEuropeLATAM,1
IND39,HpGP-COL-307,hspSWEuropeLATAM,1
IND40,HpGP-COL-309,hspSWEuropeLATAM,1
IND41,HpGP-COL-308,hspSWEuropeLATAM,1
IND42,HpGP-SPA-405,hspSWEuropeLATAM,1
IND43,HpGP-COL-301,hspSWEuropeLATAM,1
IND44,HpGP-COL-204,hspSWEuropeLATAM,1
IND45,HpGP-CHI-212,hspSWEuropeLATAM,1
IND46,HpGP-PER-114,hspSWEuropeLATAM,1
IND47,HpGP-SPA-318,hspSWEuropeLATAM,1
IND48,HpGP-DOM-003,hspSWEuropeLATAM,1
IND49,HpGP-COL-110,hspSWEuropeLATAM,1
IND50,HpGP-USA-302,hspSWEuropeLATAM,1
IND51,HpGP-BRA-008,hspSWEuropeLATAM,1
IND52,HpGP-PER-102,hspSWEuropeLATAM,1
IND53,HpGP-PER-113,hspSWEuropeLATAM,1
IND54,HpGP-MEX-041,hspSWEuropeLATAM,1
IND55,HpGP-SPA-804,hspSWEuropeLATAM,1
IND56,HpGP-SPA-207,hspSWEuropeLATAM,1
IND57,HpGP-USA-001,hspSWEuropeLATAM,1
IND58,HpGP-PER-117,hspSWEuropeLATAM,1
IND59,HpGP-COL-112,hspSWEuropeLATAM,1
IND60,HpGP-COL-107,hspSWEuropeLATAM,1
IND61,HpGP-SPA-312,hspSWEuropeLATAM,1
IND62,HpGP-DOM-005,hspSWEuropeLATAM,1
IND63,HpGP-SWT-005,hspSWEuropeLATAM,1
IND64,HpGP-COL-210,hspSWEuropeLATAM,1
IND65,HpGP-PER-021,hspSWEuropeLATAM,1
IND66,HpGP-PER-115,hspSWEuropeLATAM,1
IND67,HpGP-HON-016,hspSWEuropeLATAM,1
IND68,HpGP-SPA-309,hspSWEuropeLATAM,1
IND69,HpGP-SPA-710,hspSWEuropeLATAM,1
IND70,HpGP-POR-110,hspSWEuropeLATAM,1
IND71,HpGP-SPA-322,hspSWEuropeLATAM,1
IND72,HpGP-PER-016,hspSWEuropeLATAM,1
IND73,HpGP-PER-124,hspSWEuropeLATAM,1
IND74,HpGP-SPA-313,hspSWEuropeLATAM,1
IND75,HpGP-MEX-027,hspSWEuropeLATAM,1
IND76,MM2012-26,hspSWEuropeLATAM,1
IND77,HpGP-SPA-018,hspSWEuropeLATAM,1
IND78,HpGP-MEX-023,hspSWEuropeLATAM,1
IND79,HpGP-MEX-043,hspSWEuropeLATAM,1
IND80,HpGP-SPA-314,hspSWEuropeLATAM,1
IND81,HpGP-SPA-305,hspSWEuropeLATAM,1
IND82,MGms203,hspSWEuropeLATAM,1
IND83,HpGP-USA-204,hspSWEuropeLATAM,1
IND84,HpGP-COL-302,hspSWEuropeLATAM,1
IND85,HpGP-MEX-045,hspSWEuropeLATAM,1
IND86,HpGP-MEX-044,hspSWEuropeLATAM,1
IND87,HpGP-MEX-040,hspSWEuropeLATAM,1
IND88,HpGP-USA-203,hspSWEuropeLATAM,1
IND89,MCms1055,hspSWEuropeLATAM,1
IND90,HpGP-JAP-110,hspSWEuropeLATAM,1
IND91,HpGP-COL-105,hspSWEuropeLATAM,1
IND92,HpGP-COL-203,hspSWEuropeLATAM,1
IND93,HpGP-COL-106,hspSWEuropeLATAM,1
IND94,HpGP-COL-201,hspSWEuropeLATAM,1
IND95,HpGP-COL-202,hspSWEuropeLATAM,1
IND96,HpGP-PER-103,hspSWEuropeLATAM,1
IND97,HpGP-COL-005,hspSWEuropeLATAM,1
IND98,HpGP-PER-108,hspSWEuropeLATAM,1
IND99,HpGP-PER-017,hspSWEuropeLATAM,1
IND100,HpGP-MEX-046,hspSWEuropeLATAM,1
IND101,HpGP-COL-211,hspSWEuropeLATAM,1
IND102,HpGP-PER-119,hspSWEuropeLATAM,1
IND103,HpGP-PER-018,hspSWEuropeLATAM,1
IND104,HpGP-PER-104,hspSWEuropeLATAM,1
IND105,HpGP-PER-014,hspSWEuropeLATAM,1
IND106,HpGP-PER-106,hspSWEuropeLATAM,1
IND107,HpGP-PER-136,hspSWEuropeLATAM,1
IND108,HpGP-PER-110,hspSWEuropeLATAM,1
IND109,HpGP-PER-107,hspSWEuropeLATAM,1
IND110,HpGP-PER-109,hspSWEuropeLATAM,1
IND111,HpGP-PER-105,hspSWEuropeLATAM,1
IND112,HpGP-COL-008,hspSWEuropeLATAM,1
IND113,HpGP-COL-121,hspSWEuropeLATAM,1
IND114,22352,hspSWEuropeLATAM,1
IND115,22402,hspSWEuropeLATAM,1
IND116,HpGP-PER-130,hspSWEuropeLATAM,1
IND117,HpGP-PER-101,hspSWEuropeLATAM,1
IND118,22093,hspSWEuropeLATAM,1
IND119,HpGP-COL-114,hspSWEuropeLATAM,1
IND120,22087,hspSWEuropeLATAM,1
IND121,HpGP-COL-104,hspSWEuropeLATAM,1
IND122,HpGP-COL-122,hspSWEuropeLATAM,1
IND123,22360,hspSWEuropeLATAM,1
IND124,HpGP-COL-118,hspSWEuropeLATAM,1
IND125,HpGP-COL-113,hspSWEuropeLATAM,1
IND126,HpGP-COL-119,hspSWEuropeLATAM,1
IND127,HpGP-COL-103,hspSWEuropeLATAM,1
IND128,HpGP-COL-120,hspSWEuropeLATAM,1
IND129,HpGP-COL-303,hspSWEuropeLATAM,1
IND130,HpGP-SPA-413,hspSWEurope,1
IND131,HpGP-POR-105,hspSWEurope,1
IND132,HpGP-SPA-401,hspSWEurope,1
IND133,HpGP-SPA-010,hspSWEurope,1
IND134,HpGP-SPA-316,hspSWEurope,1
IND135,HpGP-SPA-006,hspSWEurope,1
IND136,HpGP-SPA-406,hspSWEurope,1
IND137,HpGP-SPA-102,hspSWEurope,1
IND138,HpGP-SPA-111,hspSWEurope,1
IND139,HpGP-SPA-323,hspSWEurope,1
IND140,HpGP-SPA-001,hspSWEurope,1
IND141,HpGP-ARG-005,hspSWEurope,1
IND142,HpGP-SPA-705,hspSWEurope,1
IND143,HpGP-SPA-007,hspSWEurope,1
IND144,HpGP-SPA-012,hspSWEurope,1
IND145,HpGP-SPA-108,hspSWEurope,1
IND146,HpGP-POR-007,hspSWEurope,1
IND147,HpGP-SPA-002,hspSWEurope,1
IND148,HpGP-SPA-304,hspSWEurope,1
IND149,HpGP-SPA-802,hspSWEurope,1
IND150,HpGP-SPA-510,hspSWEurope,1
IND151,HpGP-SPA-110,hspSWEurope,1
IND152,HpGP-SPA-306,hspSWEurope,1
IND153,HpGP-SPA-502,hspSWEurope,1
IND154,HpGP-ARG-004,hspSWEurope,1
IND155,HpGP-FRA-010,hspSWEurope,1
IND156,ES-13,hspSWEurope,1
IND157,HpGP-ARG-003,hspSWEurope,1
IND158,HpGP-SPA-503,hspSWEurope,1
IND159,HpGP-ARG-001,hspSWEurope,1
IND160,HpGP-SPA-805,hspSWEurope,1
IND161,HpGP-SPA-703,hspSWEurope,1
IND162,HpGP-SPA-107,hspSWEurope,1
IND163,HpGP-SPA-501,hspSWEurope,1
IND164,ES-15,hspSWEurope,1
IND165,HpGP-SPA-308,hspSWEurope,1
IND166,HpGP-SPA-315,hspSWEurope,1
IND167,HpGP-GER-018,hspSWEurope,1
IND168,HpGP-DOM-001,hspSWEurope,1
IND169,HpGP-SPA-505,hspSWEurope,1
IND170,HpGP-SPA-303,hspSWEurope,1
IND171,HpGP-SPA-610,hspSWEurope,1
IND172,HpGP-POR-102,hspSWEurope,1
IND173,HpGP-USA-005,hspSWEurope,1
IND174,HpGP-GER-003,hspSWEurope,1
IND175,ES-7,hspSWEurope,1
IND176,HpGP-SPA-324,hspSWEurope,1
IND177,HpGP-FRA-005,hspSWEurope,1
IND178,HpGP-SPA-707,hspSWEurope,1
IND179,HpGP-SPA-203,hspSWEurope,1
IND180,HpGP-MEX-007,hspSWEurope,1
IND181,HpGP-SPA-310,hspSWEurope,1
IND182,HpGP-SPA-204,hspSWEurope,1
IND183,HpGP-SPA-506,hspSWEurope,1
IND184,HpGP-SPA-103,hspSWEurope,1
IND185,HpGP-SPA-009,hspSWEurope,1
IND186,HpGP-SPA-604,hspSWEurope,1
IND187,ES-11,hspSWEurope,1
IND188,HpGP-SPA-704,hspSWEurope,1
IND189,HpGP-SPA-302,hspSWEurope,1
IND190,ES-10,hspSWEurope,1
IND191,HpGP-SPA-702,hspSWEurope,1
IND192,HpGP-SPA-205,hspSWEurope,1
IND193,HpGP-SWT-003,hspSWEurope,1
IND194,HpGP-SPA-508,hspSWEurope,1
IND195,HpGP-SPA-210,hspSWEurope,1
IND196,HpGP-SPA-701,hspSWEurope,1
IND197,HpGP-SPA-307,hspSWEurope,1
IND198,HpGP-POR-111,hspSWEurope,1
IND199,HpGP-POR-101,hspSWEurope,1
IND200,HpGP-POR-106,hspSWEurope,1
IND201,HpGP-POR-103,hspSWEurope,1
IND202,HpGP-POR-113,hspSWEurope,1
IND203,HpGP-POR-112,hspSWEurope,1
IND204,HpGP-BRA-003,hspSWEurope,1
IND205,HpGP-SWT-015,hspSWEurope,1
IND206,HpGP-BRA-009,hspSWEurope,1
IND207,HpGP-POR-107,hspSWEurope,1
IND208,HpGP-COL-002,hspSWEurope,1
IND209,HpGP-BRA-006,hspSWEurope,1
IND210,HpGP-POR-009,hspSWEurope,1
IND211,HpGP-POR-010,hspSWEurope,1
IND212,HpGP-SWT-012,hspSWEurope,1
IND213,HpGP-POR-109,hspSWEurope,1
IND214,HpGP-IDN-006,hspSWEurope,1
IND215,HpGP-POR-018,hspSWEurope,1
IND216,HpGP-POR-003,hspSWEurope,1
IND217,HpGP-POR-108,hspSWEurope,1
IND218,HpGP-POR-008,hspSWEurope,1
IND219,HpGP-POR-011,hspSWEurope,1
IND220,Pt-7739,hspSWEurope,1
IND221,HpGP-POR-001,hspSWEurope,1
IND222,Pt-7757,hspSWEurope,1
IND223,HpGP-POR-013,hspSWEurope,1
IND224,HpGP-POR-015,hspSWEurope,1
IND225,Pt-7854,hspSWEurope,1
IND226,HpGP-SWT-001,hspSWEurope,1
IND227,HpGP-DOM-002,hspSWEurope,1
IND228,HpGP-SPA-105,hspSWEurope,1
IND229,HpGP-DOM-009,hspSWEurope,1
IND230,HpGP-DOM-010,hspSWEurope,1
IND231,HpGP-DOM-008,hspSWEurope,1
IND232,HpGP-USA-207,hspSWEurope,1
IND233,HpGP-USA-201,hspSWEurope,1
IND234,HpGP-MEX-009,hspSWEurope,1
IND235,HpGP-MEX-008,hspSWEurope,1
IND236,HpGP-USA-008,hspSWEurope,1
IND237,HpGP-ARG-002,hspSWEurope,1
IND238,HpGP-COL-004,hspSWEurope,1
IND239,HpGP-COL-010,hspSWEurope,1
IND240,HpGP-PRI-007,hspSWEurope,1
IND241,HpGP-PRI-001,hspSWEurope,1
IND242,HpGP-PRI-002,hspSWEurope,1
IND243,HpGP-PRI-006,hspSWEurope,1
IND244,HpGP-PRI-004,hspSWEurope,1
IND245,HpGP-BRA-017,hspSWEurope,1
IND246,HpGP-SPA-005,hspSWEurope,1
IND247,HpGP-SPA-008,hspSWEurope,1
IND248,HpGP-SPA-013,hspSWEurope,1
IND249,HpGP-SPA-209,hspSWEurope,1
IND250,HpGP-SPA-311,hspSWEurope,1
IND251,34320,hspSWEurope,1
IND252,HpGP-SPA-607,hspSWEurope,1
IND253,HpGP-SPA-003,hspSWEurope,1
IND254,HpGP-SPA-414,hspSWEurope,1
IND255,HpGP-SPA-016,hspSWEurope,1
IND256,HpGP-SPA-201,hspSWEurope,1
IND257,HpGP-SPA-017,hspSWEurope,1
IND258,HpGP-SPA-403,hspSWEurope,1
IND259,HpGP-SPA-014,hspSWEurope,1
IND260,HpGP-ARG-007,hspSWEurope,1
IND261,HpGP-SPA-509,hspSWEurope,1
IND262,HpGP-SPA-020,hspSWEurope,1
IND263,HpGP-SPA-803,hspSWEurope,1
IND264,HpGP-SPA-104,hspSWEurope,1
IND265,HpGP-SPA-611,hspSWEurope,1
IND266,HpGP-SPA-321,hspSWEurope,1
IND267,HpGP-SPA-004,hspSWEurope,1
IND268,HpGP-SPA-601,hspSWEurope,1
IND269,HpGP-SPA-606,hspSWEurope,1
IND270,HpGP-SPA-325,hspSWEurope,1
IND271,HUP-B14,hspSWEurope,1
IND272,HpGP-SPA-301,hspSWEurope,1
IND273,HpGP-SPA-404,hspSWEurope,1
IND274,HpGP-SPA-407,hspSWEurope,1
IND275,HpGP-POR-104,hspSWEurope,1
IND276,HpGP-FRA-020,hspSWEurope,1
IND277,HpGP-POR-012,hspSWEurope,1
IND278,HpGP-POR-114,hspSWEurope,1
IND279,HpGP-COG-002,hspSWEurope,1
IND280,HpGP-SPA-019,hspSWEurope,1
IND281,HpGP-POR-005,hspSWEurope,1
IND282,HpGP-POR-002,hspSWEurope,1
IND283,HpGP-BRA-025,hspSWEurope,1
IND284,HpGP-SPA-507,hspSWEurope,1
IND285,HpGP-SPA-015,hspSWEurope,1
IND286,HpGP-SPA-801,hspSWEurope,1
IND287,HpGP-POR-115,hspSWEurope,1
IND288,HpGP-SPA-807,hspSWEurope,1
IND289,HpGP-SPA-320,hspSWEurope,1
IND290,Pt-8186,hspSWEurope,1
IND291,HpGP-PRI-008,hspSWEurope,1
IND292,HpGP-FRA-001,hspSWEurope,1
IND293,HpGP-SPA-319,hspSWEurope,1
IND294,Pt-7901,hspSWEurope,1
IND295,HpGP-FRA-017,hspSWEurope,1
IND296,HpGP-ALG-004,hspSWEurope,1
IND297,HpGP-ALG-005,hspSWEurope,1
IND298,B25,hspSWEurope,1
IND299,HpGP-FRA-009,hspSWEurope,1
IND300,HpGP-ALG-008,hspSWEurope,1
IND301,HpGP-ALG-003,hspSWEurope,1
IND302,HpGP-ALG-009,hspSWEurope,1
IND303,HpGP-ALG-006,hspSWEurope,1
IND304,38185,hspSWEurope,1
IND305,HpGP-ALG-007,hspSWEurope,1
IND306,HpGP-USA-208,hspSWEurope,1
IND307,B45,hspSWEurope,1
IND308,HpGP-ALG-001,hspSWEurope,1
IND309,HpGP-ALG-010,hspSWEurope,1
IND310,HpGP-ALG-002,hspSWEurope,1
IND311,HpGP-SPA-206,hspSWEurope,1
IND312,HpGP-COL-310,hspSWEurope,1
IND313,HpGP-COL-305,hspSWEurope,1
IND314,HpGP-ISR-009,hspSWEurope,1
IND315,HpGP-ISR-005,hspSWEurope,1
IND316,HpGP-ISR-008,hspSWEurope,1
IND317,HpGP-USA-402,hpNEAfrica,1
IND318,HpGP-USA-404,hpNEAfrica,1
IND319,HpGP-USA-401,hpNEAfrica,1
IND320,HpGP-USA-115,hpNEAfrica,1
IND321,HpGP-USA-414,hpNEAfrica,1
IND322,HpGP-USA-119,hpNEAfrica,1
IND323,HpGP-USA-116,hpNEAfrica,1
IND324,HpGP-USA-423,hpNEAfrica,1
IND325,HpGP-USA-120,hpNEAfrica,1
IND326,HpGP-USA-405,hpNEAfrica,1
IND327,HpGP-USA-410,hpNEAfrica,1
IND328,HpGP-USA-436,hpNEAfrica,1
IND329,HpGP-USA-407,hpNEAfrica,1
IND330,HpGP-USA-106,hpNEAfrica,1
IND331,HpGP-USA-431,hpNEAfrica,1
IND332,HP08058,hpNEAfrica,1
IND333,HP11049,hpNEAfrica,1
IND334,HP08074,hpNEAfrica,1
IND335,HP13050,hpNEAfrica,1
IND336,HP13005,hpNEAfrica,1
IND337,HP98490,hpNEAfrica,1
IND338,HpGP-MAL-007,hpNEAfrica,1
IND339,HP98317,hpNEAfrica,1
IND340,HP13068,hpNEAfrica,1
IND341,HpGP-SWT-010,hpNEAfrica,1
IND342,HP99255,hpNEAfrica,1
IND343,HP01234,hpNEAfrica,1
IND344,HP08061,hpNEAfrica,1
IND345,HP14039,hpNEAfrica,1
IND346,HP98123,hpNEAfrica,1
IND347,HP15005,hpNEAfrica,1
IND348,HP07036,hpNEAfrica,1
IND349,HpGP-CHI-102,hspSWEuropeChile,1
IND350,HpGP-CHI-114,hspSWEuropeChile,1
IND351,HpGP-CHI-014,hspSWEuropeChile,1
IND352,HpGP-CHI-113,hspSWEuropeChile,1
IND353,HpGP-CHI-017,hspSWEuropeChile,1
IND354,HpGP-CHI-007,hspSWEuropeChile,1
IND355,HpGP-CHI-126,hspSWEuropeChile,1
IND356,HpGP-CHI-117,hspSWEuropeChile,1
IND357,HpGP-CHI-101,hspSWEuropeChile,1
IND358,HpGP-CHI-204,hspSWEuropeChile,1
IND359,HpGP-CHI-104,hspSWEuropeChile,1
IND360,HpGP-CHI-016,hspSWEuropeChile,1
IND361,HpGP-CHI-002,hspSWEuropeChile,1
IND362,HpGP-CHI-107,hspSWEuropeChile,1
IND363,HpGP-CHI-210,hspSWEuropeChile,1
IND364,HpGP-CHI-103,hspSWEuropeChile,1
IND365,HpGP-CHI-106,hspSWEuropeChile,1
IND366,HpGP-COL-209,hspSWEuropeChile,1
IND367,HpGP-CHI-008,hspSWEuropeChile,1
IND368,HpGP-CHI-001,hspSWEuropeChile,1
IND369,HpGP-CHI-010,hspSWEuropeChile,1
IND370,HpGP-CHI-006,hspSWEuropeChile,1
IND371,HpGP-CHI-110,hspSWEuropeChile,1
IND372,HpGP-CHI-005,hspSWEuropeChile,1
IND373,HpGP-CHI-127,hspSWEuropeChile,1
IND374,HpGP-CHI-018,hspSWEuropeChile,1
IND375,HpGP-CHI-027,hspSWEuropeChile,1
IND376,HpGP-CHI-024,hspSWEuropeChile,1
IND377,HpGP-CHI-028,hspSWEuropeChile,1
IND378,HpGP-CHI-209,hspSWEuropeChile,1
IND379,HpGP-CHI-023,hspSWEuropeChile,1
IND380,HpGP-CHI-026,hspSWEuropeChile,1
IND381,HpGP-CHI-119,hspSWEuropeChile,1
IND382,HpGP-CHI-125,hspSWEuropeChile,1
IND383,HpGP-CHI-120,hspSWEuropeChile,2
IND384,HpGP-CHI-124,hspSWEuropeChile,1
IND385,HpGP-CHI-021,hspSWEuropeChile,1
IND386,HpGP-CHI-022,hspSWEuropeChile,1
IND387,HpGP-CHI-004,hspSWEuropeChile,1
IND388,HpGP-CHI-123,hspSWEuropeChile,1
IND389,HpGP-CHI-207,hspSWEuropeChile,1
IND390,HpGP-CHI-122,hspSWEuropeChile,1
IND391,HpGP-CHI-011,hspSWEuropeChile,1
IND392,HpGP-TUR-002,hspEurasia,3
IND393,HpGP-TUR-005,hspEurasia,3
IND394,HpGP-IDN-003,hspEurasia,1
IND395,HpGP-TUR-007,hspEurasia,3
IND396,HpGP-TUR-011,hspEurasia,3
IND397,HpGP-TUR-021,hspEurasia,3
IND398,HpGP-SWT-004,hspEurasia,3
IND399,HpGP-TUR-022,hspEurasia,3
IND400,HpGP-IRN-001,hspEurasia,3
IND401,HpGP-TUR-016,hspEurasia,3
IND402,HpGP-GRE-044,hspEurasia,3
IND403,30950,hspEurasia,3
IND404,HpGP-TUR-001,hspEurasia,3
IND405,HpGP-RUS-003,hspEurasia,3
IND406,HpGP-TUR-023,hspEurasia,3
IND407,HpGP-TUR-017,hspEurasia,3
IND408,HpGP-GRE-011,hspEurasia,3
IND409,HpGP-TUR-006,hspEurasia,3
IND410,HpGP-TUR-009,hspEurasia,3
IND411,HpGP-RUS-008,hspEurasia,3
IND412,HpGP-ITA-022,hspEurasia,3
IND413,HpGP-ITA-027,hspEurasia,3
IND414,HpGP-BGR-003,hspEurasia,3
IND415,HpGP-KGZ-001,hspEurasia,3
IND416,HpGP-KGZ-008,hspEurasia,3
IND417,HpGP-LAT-003,hspEurasia,3
IND418,HpGP-KGZ-009,hspEurasia,3
IND419,HpGP-LAT-033,hspEurasia,3
IND420,HpGP-POL-010,hspEurasia,3
IND421,HpGP-GER-002,hspEurasia,3
IND422,HpGP-SWT-007,hspEurasia,3
IND423,HpGP-LAT-002,hspEurasia,3
IND424,33375,hspEurasia,3
IND425,GC65-HL,hspEurasia,3
IND426,HpGP-LAT-008,hspEurasia,3
IND427,HpGP-GER-015,hspEurasia,3
IND428,HpGP-POL-105,hspEurasia,3
IND429,HpGP-POL-003,hspEurasia,3
IND430,HpGP-POL-009,hspEurasia,3
IND431,HpGP-FRA-007,hspEurasia,3
IND432,HpGP-RUS-011,hspEurasia,3
IND433,HpGP-LIT-012,hspEurasia,3
IND434,HpGP-POL-002,hspEurasia,3
IND435,HpGP-POL-006,hspEurasia,3
IND436,HpGP-GER-007,hspEurasia,3
IND437,HpGP-GER-004,hspEurasia,3
IND438,HpGP-GER-010,hspEurasia,3
IND439,HpGP-POL-001,hspEurasia,3
IND440,HpGP-GER-009,hspEurasia,3
IND441,HpGP-GER-016,hspEurasia,3
IND442,HpGP-GER-005,hspEurasia,3
IND443,HpGP-GER-012,hspEurasia,3
IND444,HpGP-GER-021,hspEurasia,3
IND445,HpGP-SWT-008,hspEurasia,3
IND446,HpGP-TUR-008,hspEurasia,3
IND447,HpGP-BGR-005,hspEurasia,3
IND448,HpGP-ITA-029,hspEurasia,1
IND449,HpGP-SPA-709,hspEurasia,3
IND450,HpGP-BGR-008,hspEurasia,3
IND451,HpGP-SPA-504,hspEurasia,3
IND452,GC31-B,hspEurasia,3
IND453,HpGP-BGR-007,hspEurasia,3
IND454,HpGP-GRE-001,hspEurasia,1
IND455,HpGP-GRE-012,hspEurasia,1
IND456,Hp-A11,hspEurasia,3
IND457,HpGP-GRE-004,hspEurasia,1
IND458,HpGP-SPA-101,hspEurasia,1
IND459,Hp-A27,hspEurasia,3
IND460,HpGP-GRE-022,hspEurasia,1
IND461,P12,hspEurasia,3
IND462,HpGP-SWT-006,hspEurasia,3
IND463,HpGP-GRE-043,hspEurasia,3
IND464,HpGP-GRE-020,hspEurasia,1
IND465,HpGP-GRE-008,hspEurasia,3
IND466,HpGP-GRE-036,hspEurasia,1
IND467,HpGP-BGR-006,hspEurasia,3
IND468,HpGP-GRE-002,hspEurasia,3
IND469,HpGP-SWT-002,hspEurasia,3
IND470,HpGP-GRE-018,hspEurasia,3
IND471,HpGP-TUR-014,hspEurasia,3
IND472,HpGP-GER-006,hspEurasia,3
IND473,HpGP-GRE-019,hspEurasia,3
IND474,HpGP-LIT-002,hspEurasia,3
IND475,HpGP-POL-107,hspEurasia,3
IND476,HpGP-POL-008,hspEurasia,3
IND477,HpGP-POL-103,hspEurasia,3
IND478,HpGP-POL-102,hspEurasia,3
IND479,HpGP-GER-020,hspEurasia,3
IND480,HpGP-POL-004,hspEurasia,3
IND481,HpGP-GER-001,hspEurasia,3
IND482,HpGP-SWE-012,hspEurasia,3
IND483,HpGP-POL-104,hspEurasia,3
IND484,HpGP-SWE-003,hspEurasia,3
IND485,HpGP-SWE-004,hspEurasia,3
IND486,HpGP-POL-007,hspEurasia,3
IND487,HpGP-LIT-024,hspEurasia,3
IND488,HpGP-LIT-001,hspEurasia,3
IND489,HpGP-LIT-026,hspEurasia,3
IND490,HpGP-ITA-028,hspEurasia,3
IND491,HpGP-RUS-002,hspEurasia,3
IND492,HpGP-RUS-006,hspEurasia,3
IND493,HpGP-LIT-006,hspEurasia,3
IND494,HpGP-BGR-010,hspEurasia,3
IND495,HpGP-RUS-009,hspEurasia,3
IND496,HpGP-POL-005,hspEurasia,3
IND497,HpGP-POL-101,hspEurasia,3
IND498,HpGP-POL-110,hspEurasia,3
IND499,HpGP-POL-108,hspEurasia,3
IND500,HpGP-POL-109,hspEurasia,3
IND501,HpGP-POL-106,hspEurasia,3
IND502,HpGP-ITA-010,hspEurasia,3
IND503,HpGP-ITA-020,hspEurasia,3
IND504,HpGP-FRA-021,hspEurasia,1
IND505,HpGP-FRA-003,hspEurasia,1
IND506,GC34-HL,hspEurasia,1
IND507,21580,hspEurasia,3
IND508,HpGP-ITA-013,hspEurasia,1
IND509,HpGP-FRA-019,hspEurasia,1
IND510,31181,hspEurasia,3
IND511,HpGP-FRA-002,hspEurasia,1
IND512,HpGP-ITA-006,hspEurasia,1
IND513,HpGP-ITA-002,hspEurasia,1
IND514,HpGP-GER-019,hspEurasia,3
IND515,HpGP-ITA-018,hspEurasia,1
IND516,HpGP-FRA-008,hspEurasia,1
IND517,HpGP-FRA-004,hspEurasia,1
IND518,HpGP-FRA-011,hspEurasia,3
IND519,HpGP-FRA-016,hspEurasia,3
IND520,Hp-A14,hspEurasia,1
IND521,HpGP-KAZ-001,hspEurasia,1
IND522,HpGP-KGZ-003,hspEurasia,1
IND523,HpGP-GRE-006,hspEurasia,1
IND524,HpGP-GRE-042,hspEurasia,1
IND525,HpGP-BGR-004,hspEurasia,1
IND526,HpGP-GRE-003,hspEurasia,1
IND527,HpGP-TUR-004,hspEurasia,1
IND528,HpGP-TUR-010,hspEurasia,1
IND529,HpGP-IRN-003,hspEurasia,1
IND530,HpGP-BGR-001,hspEurasia,1
IND531,HpGP-IRN-009,hspEurasia,3
IND532,HpGP-USA-009,hspEurasia,1
IND533,HpGP-SWT-014,hspEurasia,1
IND534,HpGP-GRE-005,hspEurasia,1
IND535,29009,hspEurasia,1
IND536,HpGP-ISR-006,hspEurasia,3
IND537,HpGP-SWT-013,hspEurasia,1
IND538,HpGP-GRE-039,hspEurasia,1
IND539,HpGP-TUR-003,hspEurasia,1
IND540,HpGP-IRN-002,hspEurasia,1
IND541,HpGP-FRA-006,hspEurasia,1
IND542,HpGP-JOR-008,hspEurasia,1
IND543,HpGP-ISR-003,hspEurasia,1
IND544,HpGP-JOR-006,hspEurasia,1
IND545,HpGP-JOR-005,hspEurasia,1
IND546,HpGP-JOR-007,hspEurasia,1
IND547,HpGP-JOR-009,hspEurasia,1
IND548,HpGP-JOR-002,hspEurasia,1
IND549,HpGP-JOR-001,hspEurasia,1
IND550,HpGP-ISR-010,hspEurasia,1
IND551,HpGP-JOR-003,hspEurasia,1
IND552,HpGP-ISR-002,hspEurasia,1
IND553,HpGP-JOR-010,hspEurasia,1
IND554,HpGP-JOR-004,hspEurasia,1
IND555,HpGP-ISR-001,hspEurasia,1
IND556,HpGP-ISR-004,hspEurasia,1
IND557,HpGP-ISR-007,hspEurasia,1
IND558,HpGP-FRA-018,hspEurasia,1
IND559,B40,hspEurasia,1
IND560,HpGP-BRA-004,hspEurasia,1
IND561,HpGP-SWE-006,hspEurasia,1
IND562,HpGP-GRE-040,hspEurasia,1
IND563,HpGP-ITA-005,hspEurasia,1
IND564,HpGP-SPA-011,hspEurasia,1
IND565,HpGP-SWT-017,hspEurasia,1
IND566,HpGP-ITA-011,hspEurasia,1
IND567,HpGP-ITA-003,hspEurasia,1
IND568,B47,hspEurasia,1
IND569,HpGP-ITA-023,hspEurasia,1
IND570,HpGP-ITA-016,hspEurasia,1
IND571,HpGP-ITA-026,hspEurasia,1
IND572,HpGP-ITA-014,hspEurasia,1
IND573,G27,hspEurasia,3
IND574,HpGP-ITA-030,hspEurasia,3
IND575,HpGP-ITA-012,hspEurasia,3
IND576,HpGP-FRA-015,hspEurasia,3
IND577,HpGP-FRA-013,hspEurasia,3
IND578,HpGP-ITA-009,hspEurasia,1
IND579,HpGP-ITA-025,hspEurasia,1
IND580,HpGP-ITA-015,hspEurasia,3
IND581,HpGP-ITA-004,hspEurasia,1
IND582,HpGP-BRA-015,hspEurasia,3
IND583,HpGP-ITA-024,hspEurasia,3
IND584,HpGP-ITA-008,hspEurasia,3
IND585,HpGP-ITA-017,hspEurasia,3
IND586,HpGP-ITA-019,hspEurasia,3
IND587,HpGP-ITA-001,hspEurasia,1
IND588,HpGP-ITA-007,hspEurasia,1
IND589,HpGP-IND-002,hspEurasia,3
IND590,HpGP-NPL-010,hspEurasia,1
IND591,HpGP-IND-006,hspEurasia,1
IND592,HpGP-BGD-005,hspEurasia,1
IND593,HpGP-BGD-009,hspEurasia,3
IND594,HpGP-NPL-012,hspEurasia,3
IND595,HpGP-IND-005,hspEurasia,3
IND596,HpGP-NPL-005,hspEurasia,3
IND597,HpGP-NPL-006,hspEurasia,3
IND598,HpGP-BGD-006,hspEurasia,3
IND599,HpGP-BGD-004,hspEurasia,3
IND600,HpGP-BGD-010,hspEurasia,3
IND601,HpGP-IND-003,hspEurasia,3
IND602,HpGP-IND-004,hspEurasia,3
IND603,HpGP-GRE-041,hspEurasia,1
IND604,HpGP-GRE-046,hspEurasia,1
IND605,HpGP-BGD-007,hspEurasia,1
IND606,HpGP-NPL-002,hspEurasia,3
IND607,HpGP-LAT-032,hspNEurope,3
IND608,HpGP-LAT-011,hspNEurope,3
IND609,HpGP-SPA-806,hspNEurope,3
IND610,HpGP-LIT-008,hspNEurope,3
IND611,HpGP-LAT-022,hspNEurope,3
IND612,HpGP-LIT-029,hspNEurope,3
IND613,HpGP-LIT-007,hspNEurope,3
IND614,HpGP-LAT-012,hspNEurope,3
IND615,HpGP-LIT-023,hspNEurope,3
IND616,HpGP-LAT-009,hspNEurope,3
IND617,HpGP-LAT-023,hspNEurope,3
IND618,HpGP-LIT-030,hspNEurope,3
IND619,HpGP-LIT-025,hspNEurope,3
IND620,HpGP-LAT-027,hspNEurope,3
IND621,HpGP-LAT-030,hspNEurope,3
IND622,HpGP-LIT-041,hspNEurope,3
IND623,HpGP-LIT-020,hspNEurope,3
IND624,HpGP-RUS-004,hspNEurope,3
IND625,HpGP-LIT-003,hspNEurope,3
IND626,HpGP-LAT-025,hspNEurope,3
IND627,HpGP-LAT-014,hspNEurope,3
IND628,HpGP-LIT-028,hspNEurope,3
IND629,HpGP-RUS-001,hspNEurope,3
IND630,HpGP-LAT-004,hspNEurope,3
IND631,HpGP-RUS-007,hspNEurope,3
IND632,HpGP-LIT-013,hspNEurope,3
IND633,HpGP-LAT-026,hspNEurope,3
IND634,HpGP-LAT-007,hspNEurope,3
IND635,HpGP-LIT-004,hspNEurope,3
IND636,HpGP-LIT-032,hspNEurope,3
IND637,HpGP-LIT-035,hspNEurope,3
IND638,HpGP-LAT-024,hspNEurope,3
IND639,HpGP-LAT-001,hspNEurope,3
IND640,HpGP-LAT-018,hspNEurope,3
IND641,HpGP-LAT-021,hspNEurope,3
IND642,HpGP-LIT-021,hspNEurope,3
IND643,HpGP-LAT-006,hspNEurope,3
IND644,HpGP-LAT-015,hspNEurope,3
IND645,HpGP-LAT-034,hspNEurope,3
IND646,HpGP-LIT-031,hspNEurope,3
IND647,HpGP-LAT-010,hspNEurope,3
IND648,HpGP-LAT-019,hspNEurope,3
IND649,HpGP-LAT-031,hspNEurope,3
IND650,HpGP-LAT-028,hspNEurope,3
IND651,HpGP-LAT-005,hspNEurope,3
IND652,HpGP-LAT-035,hspNEurope,3
IND653,HpGP-RUS-010,hspNEurope,3
IND654,HpGP-LAT-036,hspNEurope,3
IND655,HpGP-LIT-010,hspNEurope,3
IND656,HpGP-LAT-017,hspNEurope,3
IND657,HpGP-LAT-020,hspNEurope,3
IND658,HpGP-KGZ-002,hspNEurope,3
IND659,HpGP-FRA-012,hspNEurope,3
IND660,HpGP-FRA-014,hspNEurope,3
IND661,HpGP-USA-101,hspNEurope,3
IND662,HpGP-USA-123,hspNEurope,3
IND663,SSR8,hspNEurope,3
IND664,444,hspNEurope,3
IND665,HpGP-GER-013,hspNEurope,3
IND666,SW21C,hspNEurope,3
IND667,HpGP-SWT-011,hspNEurope,3
IND668,SW7C,hspNEurope,3
IND669,448,hspNEurope,3
IND670,26695,hspNEurope,3
IND671,HpGP-26695-ATCC,hspNEurope,3
IND672,HpGP-IDN-004,hspNEurope,3
IND673,HpGP-SWE-030,hspNEurope,3
IND674,HpGP-SWE-005,hspNEurope,3
IND675,HpGP-SWE-015,hspNEurope,3
IND676,HpGP-SWE-025,hspNEurope,3
IND677,HpGP-SWE-016,hspNEurope,3
IND678,HE-NC24-6,hspNEurope,3
IND679,HpGP-SWE-007,hspNEurope,3
IND680,HpGP-SWE-002,hspNEurope,3
IND681,HPAG1,hspNEurope,3
IND682,HpGP-SWE-031,hspNEurope,3
IND683,HpGP-SWE-008,hspNEurope,3
IND684,HpGP-SWE-010,hspNEurope,3
IND685,HpGP-SWE-036,hspNEurope,3
IND686,HpGP-SWE-032,hspNEurope,3
IND687,HpGP-SWE-017,hspNEurope,3
IND688,HE-C33,hspNEurope,3
IND689,HE-C50,hspNEurope,3
IND690,HpGP-SWE-022,hspNEurope,3
IND691,HpGP-SWE-034,hspNEurope,3
IND692,HpGP-SWE-033,hspNEurope,3
IND693,HpGP-SWE-013,hspNEurope,3
IND694,HpGP-SWE-024,hspNEurope,3
IND695,HpGP-SWE-027,hspNEurope,3
IND696,HpGP-SWE-001,hspNEurope,3
IND697,HpGP-SWE-019,hspNEurope,3
IND698,HpGP-SWE-028,hspNEurope,3
IND699,HE-NC32-5,hspNEurope,3
IND700,HpGP-SWE-014,hspNEurope,3
IND701,HpGP-SWE-026,hspNEurope,3
IND702,HpGP-CAN-026,hspNEurope,3
IND703,HpGP-CAN-025,hspNEurope,3
IND704,HpGP-CAN-022,hspNEurope,3
IND705,HpGP-CAN-008,hspNEurope,3
IND706,HpGP-CAN-014,hspNEurope,3
IND707,HpGP-CAN-017,hspNEurope,3
IND708,HpGP-ISL-003,hspNEurope,3
IND709,HpGP-ISL-011,hspNEurope,3
IND710,HpGP-ISL-007,hspNEurope,3
IND711,HpGP-ISL-006,hspNEurope,3
IND712,HpGP-ISL-009,hspNEurope,3
IND713,HpGP-ISL-008,hspNEurope,3
IND714,HpGP-ISL-010,hspNEurope,3
IND715,HpGP-ISL-002,hspNEurope,3
IND716,HpGP-ISL-004,hspNEurope,3
IND717,HpGP-ISL-005,hspNEurope,3
IND718,HpGP-ISL-001,hspNEurope,3
IND719,HpGP-SWE-021,hspNEurope,3
IND720,SSR5,hspNEurope,3
IND721,SSR7,hspNEurope,3
IND722,HpGP-SWE-018,hspNEurope,3
IND723,SSR3,hspNEurope,3
IND724,SSR9,hspNEurope,3
IND725,HpGP-COL-102,hspAfrica1MiscAmerica,2
IND726,HpGP-COL-006,hspAfrica1MiscAmerica,2
IND727,HpGP-COL-108,hspAfrica1MiscAmerica,2
IND728,HpGP-COL-109,hspAfrica1MiscAmerica,2
IND729,HpGP-SPA-609,hspAfrica1MiscAmerica,2
IND730,HpGP-COL-206,hspAfrica1MiscAmerica,1
IND731,HpGP-NGA-010,hspAfrica1MiscAmerica,1
IND732,HpGP-NGA-006,hspAfrica1MiscAmerica,1
IND733,HpGP-HON-014,hspAfrica1MiscAmerica,2
IND734,HpGP-COL-003,hspAfrica1MiscAmerica,2
IND735,HpGP-HON-006,hspAfrica1MiscAmerica,1
IND736,HpGP-HON-013,hspAfrica1MiscAmerica,2
IND737,Nic29_A,hspAfrica1MiscAmerica,2
IND738,Nic24_A,hspAfrica1MiscAmerica,2
IND739,Nic30_A,hspAfrica1MiscAmerica,2
IND740,Nic21_C,hspAfrica1MiscAmerica,2
IND741,MM2005-72,hspAfrica1MiscAmerica,2
IND742,MX-2004-102,hspAfrica1MiscAmerica,2
IND743,HpGP-PER-140,hspAfrica1MiscAmerica,2
IND744,PeCan18,hspAfrica1MiscAmerica,2
IND745,HpGP-PER-112,hspAfrica1MiscAmerica,2
IND746,HpGP-USA-411,hspAfrica1MiscAmerica,2
IND747,HpGP-SPA-402,hspAfrica1MiscAmerica,2
IND748,HpGP-SPA-409,hspAfrica1MiscAmerica,2
IND749,HpGP-CAN-002,hspAfrica1MiscAmerica,2
IND750,HpGP-CAN-004,hspAfrica1MiscAmerica,2
IND751,HpGP-CRI-004,hspAfrica1NAmerica,2
IND752,HpGP-CRI-007,hspAfrica1NAmerica,2
IND753,HpGP-SPA-202,hspAfrica1NAmerica,2
IND754,HpGP-BRA-018,hspAfrica1NAmerica,2
IND755,HpGP-USA-428,hspAfrica1NAmerica,2
IND756,J99,hspAfrica1NAmerica,2
IND757,HpGP-USA-408,hspAfrica1NAmerica,2
IND758,HpGP-USA-413,hspAfrica1NAmerica,2
IND759,HpGP-COL-306,hspAfrica1NAmerica,2
IND760,HpGP-CAN-012,hspAfrica1NAmerica,2
IND761,HpGP-NGA-019,hspAfrica1NAmerica,2
IND762,HpGP-USA-003,hspAfrica1NAmerica,2
IND763,HpGP-COL-207,hspAfrica1NAmerica,2
IND764,HpGP-COL-208,hspAfrica1NAmerica,2
IND765,HpGP-BRA-014,hspAfrica1NAmerica,2
IND766,HpGP-USA-206,hspAfrica1NAmerica,2
IND767,HpGP-DOM-007,hspAfrica1NAmerica,2
IND768,HpGP-PER-013,hspAfrica1NAmerica,2
IND769,HpGP-PER-020,hspAfrica1NAmerica,2
IND770,HpGP-USA-104,hspAfrica1NAmerica,2
IND771,HpGP-USA-437,hspAfrica1NAmerica,2
IND772,HpGP-USA-415,hspAfrica1NAmerica,2
IND773,HpGP-USA-418,hspAfrica1NAmerica,2
IND774,HpGP-USA-434,hspAfrica1NAmerica,2
IND775,HpGP-USA-301,hspAfrica1NAmerica,2
IND776,HpGP-USA-311,hspAfrica1NAmerica,2
IND777,HpGP-USA-420,hspAfrica1NAmerica,2
IND778,HpGP-NGA-017,hspAfrica1NAmerica,2
IND779,NYPt273,hspAfrica1NAmerica,2
IND780,HpGP-ZAF-011,hspAfrica1NAmerica,2
IND781,SA161C,hspAfrica1NAmerica,2
IND782,HpGP-USA-105,hspAfrica1NAmerica,2
IND783,HpGP-USA-424,hspAfrica1NAmerica,2
IND784,HpGP-USA-409,hspAfrica1NAmerica,2
IND785,HpGP-USA-421,hspAfrica1NAmerica,2
IND786,HpGP-BRA-002,hspAfrica1NAmerica,2
IND787,HpGP-USA-102,hspAfrica1NAmerica,2
IND788,HpGP-USA-202,hspAfrica1NAmerica,2
IND789,HpGP-USA-433,hspAfrica1NAmerica,2
IND790,HpP_8,hspAfrica1NAmerica,2
IND791,HpGP-USA-429,hspAfrica1NAmerica,2
IND792,Hp-P-11,hspAfrica1NAmerica,2
IND793,HpGP-BRA-001,hspAfrica1NAmerica,2
IND794,Hp-P-13,hspAfrica1NAmerica,2
IND795,HpGP-USA-419,hspAfrica1NAmerica,2
IND796,HpGP-DOM-004,hspAfrica1NAmerica,2
IND797,HpGP-COL-205,hspAfrica1NAmerica,2
IND798,HpGP-PRI-005,hspAfrica1NAmerica,2
IND799,HpGP-DOM-011,hspAfrica1NAmerica,2
IND800,HpGP-USA-432,hspAfrica1NAmerica,2
IND801,HpGP-GHA-009,hspAfrica1NAmerica,2
IND802,HpGP-USA-305,hspAfrica1NAmerica,2
IND803,HpGP-USA-412,hspAfrica1NAmerica,2
IND804,NYPt310,hspAfrica1NAmerica,2
IND805,HpGP-USA-406,hspAfrica1NAmerica,2
IND806,NYPt189,hspAfrica1NAmerica,2
IND807,HpGP-USA-303,hspAfrica1NAmerica,2
IND808,HpGP-DOM-006,hspAfrica1NAmerica,2
IND809,HpGP-USA-306,hspAfrica1NAmerica,2
IND810,HpGP-GMB-009,hspAfrica1NAmerica,2
IND811,HpGP-USA-417,hspAfrica1NAmerica,2
IND812,HpGP-GHA-003,hspAfrica1NAmerica,2
IND813,HpGP-BRA-019,hspAfrica1NAmerica,2
IND814,HpGP-SPA-317,hspAfrica1NAmerica,2
IND815,HpGP-USA-416,hspAfrica1NAmerica,2
IND816,HpGP-USA-304,hspAfrica1NAmerica,2
IND817,GAM121Aii,hspAfrica1WAfrica,2
IND818,Gambia94-24,hspAfrica1WAfrica,2
IND819,GAM119Bi,hspAfrica1WAfrica,2
IND820,HpGP-GMB-007,hspAfrica1WAfrica,2
IND821,GAM120Ai,hspAfrica1WAfrica,2
IND822,HpGP-POR-004,hspAfrica1WAfrica,2
IND823,GAM115Ai,hspAfrica1WAfrica,2
IND824,HpGP-GMB-008,hspAfrica1WAfrica,2
IND825,GAM118Bi,hspAfrica1WAfrica,2
IND826,HpGP-GMB-004,hspAfrica1WAfrica,2
IND827,GAM103Bi,hspAfrica1WAfrica,2
IND828,HpGP-USA-427,hspAfrica1WAfrica,2
IND829,GAM100Ai,hspAfrica1WAfrica,2
IND830,HpGP-USA-403,hspAfrica1WAfrica,2
IND831,GAM245Ai,hspAfrica1WAfrica,2
IND832,GAM105Ai,hspAfrica1WAfrica,2
IND833,GAM239Bi,hspAfrica1WAfrica,2
IND834,HpGP-GMB-003,hspAfrica1WAfrica,2
IND835,GAM101Biv,hspAfrica1WAfrica,2
IND836,GAMchjs106B,hspAfrica1WAfrica,2
IND837,GAM201Ai,hspAfrica1WAfrica,2
IND838,HpGP-USA-435,hspAfrica1WAfrica,2
IND839,HpGP-HON-010,hspAfrica1SAfrica,2
IND840,HpGP-HON-021,hspAfrica1SAfrica,2
IND841,HpGP-HON-023,hspAfrica1SAfrica,2
IND842,HpGP-HON-015,hspAfrica1SAfrica,2
IND843,HpGP-PER-116,hspAfrica1SAfrica,2
IND844,HpGP-HON-012,hspAfrica1SAfrica,2
IND845,HpGP-HON-004,hspAfrica1SAfrica,2
IND846,HpGP-HON-019,hspAfrica1SAfrica,2
IND847,HpGP-HON-020,hspAfrica1SAfrica,2
IND848,HpGP-HON-017,hspAfrica1SAfrica,2
IND849,HpGP-HON-018,hspAfrica1SAfrica,2
IND850,HpGP-HON-007,hspAfrica1SAfrica,2
IND851,HpGP-HON-003,hspAfrica1SAfrica,2
IND852,Nic32_A,hspAfrica1SAfrica,2
IND853,HpGP-GTM-010,hspAfrica1SAfrica,2
IND854,HpGP-BRA-023,hspAfrica1SAfrica,2
IND855,HpGP-ARG-006,hspAfrica1SAfrica,2
IND856,HpGP-COL-318,hspAfrica1SAfrica,1
IND857,VE-HV055,hspAfrica1SAfrica,2
IND858,SA46C,hspAfrica1SAfrica,2
IND859,SA30C,hspAfrica1SAfrica,2
IND860,SA146C,hspAfrica1SAfrica,2
IND861,SA45C,hspAfrica1SAfrica,2
IND862,SA158C,hspAfrica1SAfrica,2
IND863,SA35C,hspAfrica1SAfrica,2
IND864,HpGP-ZAF-002,hspAfrica1SAfrica,2
IND865,SA170C,hspAfrica1SAfrica,2
IND866,HpGP-ZAF-004,hspAfrica1SAfrica,2
IND867,SA157A,hspAfrica1SAfrica,2
IND868,SA226A,hspAfrica1SAfrica,2
IND869,SA156C,hspAfrica1SAfrica,2
IND870,SA220C,hspAfrica1SAfrica,2
IND871,HpGP-ZAF-010,hspAfrica1SAfrica,2
IND872,SA227C,hspAfrica1SAfrica,2
IND873,SA168C,hspAfrica1SAfrica,2
IND874,SA252C,hspAfrica1SAfrica,2
IND875,HpGP-ZAF-008,hspAfrica1SAfrica,1
IND876,HpGP-COG-003,hspAfrica1SAfrica,2
IND877,HpGP-COG-007,hspAfrica1SAfrica,2
IND878,HpGP-COG-004,hspAfrica1SAfrica,2
IND879,HpGP-COG-010,hspAfrica1SAfrica,2
IND880,HpGP-COG-005,hspAfrica1SAfrica,2
IND881,HpGP-COG-008,hspAfrica1SAfrica,2
IND882,HpGP-COG-006,hspAfrica1SAfrica,2
IND883,HpGP-COG-011,hspAfrica1SAfrica,2
IND884,HpGP-COG-001,hspAfrica1SAfrica,2
IND885,HpGP-BRA-007,hspAfrica1SAfrica,2
IND886,HpGP-BRA-022,hspAfrica1SAfrica,2
IND887,HpGP-BRA-020,hspAfrica1SAfrica,2
IND888,HpGP-COG-009,hspAfrica1SAfrica,2
IND889,HpGP-POR-006,hspAfrica1SAfrica,2
IND890,HpGP-BRA-013,hspAfrica1SAfrica,2
IND891,HpGP-BRA-005,hspAfrica1SAfrica,2
IND892,HpGP-BRA-010,hspAfrica1SAfrica,2
IND893,K26A1,HpAfrica2,4
IND894,SA251C,HpAfrica2,4
IND895,SA144A,HpAfrica2,4
IND896,SA194C,HpAfrica2,4
IND897,SouthAfrica7,HpAfrica2,4
IND898,SA253C,HpAfrica2,4
IND899,SA155C,HpAfrica2,4
IND900,SA175A,HpAfrica2,4
IND901,SouthAfrica20,HpAfrica2,4
IND902,SA233C,HpAfrica2,4
IND903,HpGP-ZAF-001,HpAfrica2,4
IND904,SA166A,HpAfrica2,4
IND905,HpGP-ZAF-007,HpAfrica2,4
IND906,SA172C,HpAfrica2,4
IND907,SouthAfrica50,HpAfrica2,4
IND908,SA169C,HpAfrica2,4
IND909,HpGP-ZAF-006,HpAfrica2,4
IND910,SA29A,HpAfrica2,4
IND911,HpGP-ZAF-009,HpAfrica2,4
IND912,HpGP-JAP-102,hspUraI,3
IND913,HpGP-JAP-104,hspUraI,3
IND914,HpGP-KGZ-004,hspUraI,3
IND915,HpGP-KGZ-010,hspUraI,3
IND916,HpGP-KGZ-005,hspUraI,3
IND917,HpGP-KGZ-007,hspUraI,3
IND918,HpGP-LAT-029,hspUraI,3
IND919,HpGP-IDN-001,hspUraI,1
IND920,HpGP-IDN-007,hspUraI,5
IND921,HpGP-IDN-010,hspUraI,3
IND922,L7,hspUraI,3
IND923,HpGP-NPL-004,hspUraI,5
IND924,HpGP-NPL-007,hspUraI,5
IND925,Nentsy37,hspUraI,3
IND926,Nentsy90,hspUraI,3
IND927,Nentsy65,hspUraI,3
IND928,Nentsy29,hspUraI,3
IND929,Nentsy32,hspUraI,3
IND930,Khanty39,hspUraI,3
IND931,Nentsy38,hspUraI,3
IND932,Nentsy28,hspUraI,3
IND933,Khanty17,hspUraI,3
IND934,Khanty27,hspUraI,3
IND935,Khanty16,hspUraI,3
IND936,Khanty26,hspUraI,3
IND937,Nentsy82,hspUraI,3
IND938,Khanty30,hspUraI,3
IND939,Khanty40,hspUraI,3
IND940,HPJ071,hspSahul,6
IND941,HP99440,hspSahul,6
IND942,HPJ023,hspSahul,6
IND943,ausabrJ05,hspSahul,6
IND944,HPAS23,hspSahul,6
IND945,HPJ148,hspSahul,6
IND946,HPJ156,hspSahul,6
IND947,Neuguinea12,hspSahul,6
IND948,Neuguinea63,hspSahul,6
IND949,Neuguinea66,hspSahul,6
IND950,PNG84A,hspSahul,6
IND951,Neuguinea78,hspSahul,6
IND952,Neuguinea51,hspSahul,6
IND953,Neuguinea42,hspSahul,6
IND954,Neuguinea25,hspSahul,6
IND955,HpGP-IDN-011,hspSahul,6
IND956,ALA3,hpNorthAsia,5
IND957,Koryak37,hpNorthAsia,5
IND958,Koryak28,hpNorthAsia,5
IND959,Evenky58,hpNorthAsia,5
IND960,Sakhalin60,hpNorthAsia,5
IND961,Nanai40,hpNorthAsia,5
IND962,Even14,hpNorthAsia,5
IND963,Nentsy81,hpNorthAsia,5
IND964,Khanty04,hpNorthAsia,5
IND965,Khanty47,hpNorthAsia,5
IND966,Keto18,hpNorthAsia,5
IND967,Keto60,hpNorthAsia,5
IND968,Evenky73,hpNorthAsia,5
IND969,Evenky01,hpNorthAsia,5
IND970,Nanai30,hpNorthAsia,5
IND971,BURYAT9,hpNorthAsia,5
IND972,BURYAT14,hpNorthAsia,5
IND973,TUVAB18a,hpNorthAsia,5
IND974,Tuvac80,hpNorthAsia,5
IND975,Tuvac46,hpNorthAsia,5
IND976,Evenky11,hpNorthAsia,5
IND977,BURYAT27,hpNorthAsia,5
IND978,HpGP-KAZ-002,hpNorthAsia,5
IND979,mong44,hpNorthAsia,5
IND980,TUVAB15,hpNorthAsia,5
IND981,altai59,hpNorthAsia,5
IND982,mong49,hpNorthAsia,5
IND983,altai11,hpNorthAsia,5
IND984,BURYAT49,hpNorthAsia,5
IND985,BURYAT19,hpNorthAsia,5
IND986,Evenky65,hpNorthAsia,5
IND987,yak97,hpNorthAsia,5
IND988,HpGP-KGZ-006,hpNorthAsia,5
IND989,MX-2002-14,hspIndigenous,5
IND990,HpGP-MEX-028,hspIndigenous,5
IND991,Hui1764,hspIndigenous,5
IND992,Hui1766,hspIndigenous,5
IND993,HpGP-USA-205,hspIndigenous,5
IND994,MX-2004-125,hspIndigenous,5
IND995,Cuz20,hspIndigenous,5
IND996,Sat464,hspIndigenous,5
IND997,Shi112,hspIndigenous,5
IND998,Shi470,hspIndigenous,5
IND999,Shi169,hspIndigenous,5
IND1000,Shi417,hspIndigenous,5
IND1001,HpGP-PER-121,hspIndigenous,5
IND1002,v225d,hspIndigenous,5
IND1003,Hui1769,hspIndigenous,5
IND1004,HpGP-PER-019,hspIndigenous,5
IND1005,HpGP-PER-111,hspIndigenous,5
IND1006,HpGP-PER-138,hspIndigenous,5
IND1007,PeCan4,hspIndigenous,5
IND1008,HpGP-SPA-706,hspIndigenous,5
IND1009,Puno120,hspIndigenous,5
IND1010,HpGP-PER-011,hspIndigenous,5
IND1011,Puno135,hspIndigenous,5
IND1012,HpGP-CHI-105,hspIndigenous,5
IND1013,HpGP-CHI-116,hspIndigenous,5
IND1014,CAN-258,hspIndigenous,5
IND1015,CAN-095,hspIndigenous,5
IND1016,CAN-172,hspIndigenous,5
IND1017,CAN-136,hspIndigenous,5
IND1018,HpGP-CAN-011,hspIndigenous,5
IND1019,HpGP-CAN-006,hspIndigenous,5
IND1020,Aklavik86,hspIndigenous,5
IND1021,CAN-290,hspIndigenous,5
IND1022,HpGP-CAN-015,hspIndigenous,5
IND1023,HpGP-CAN-010,hspIndigenous,5
IND1024,CAN-019,hspIndigenous,5
IND1025,HpGP-CAN-018,hspIndigenous,5
IND1026,HpGP-CAN-016,hspIndigenous,5
IND1027,Ca-97-34,hspIndigenous,5
IND1028,HpGP-CAN-007,hspIndigenous,5
IND1029,Ca-97-30,hspIndigenous,5
IND1030,CAN-243,hspIndigenous,5
IND1031,ALA9,hspIndigenous,5
IND1032,Aklavik117,hspIndigenous,5
IND1033,ALA5,hspIndigenous,5
IND1034,HpGP-CAN-020,hspIndigenous,5
IND1035,HpGP-CAN-023,hspIndigenous,5
IND1036,HpGP-CAN-001,hspIndigenous,5
IND1037,CAN-196,hspIndigenous,5
IND1038,HpGP-CAN-019,hspIndigenous,5
IND1039,HpGP-MMR-009,HpAsia2,3
IND1040,Yangon179,HpAsia2,3
IND1041,HpGP-MMR-007,HpAsia2,3
IND1042,HpGP-MMR-012,HpAsia2,3
IND1043,HpGP-MMR-010,HpAsia2,3
IND1044,Myanmar66,HpAsia2,3
IND1045,HpGP-MMR-006,HpAsia2,3
IND1046,Yangon142,HpAsia2,3
IND1047,NAK7,HpAsia2,3
IND1048,Myanmar51,HpAsia2,3
IND1049,HpGP-MMR-001,HpAsia2,3
IND1050,India7,HpAsia2,3
IND1051,HpGP-MMR-004,HpAsia2,3
IND1052,HpGP-BGD-001,HpAsia2,3
IND1053,HpGP-MMR-011,HpAsia2,3
IND1054,HpGP-BGD-008,HpAsia2,3
IND1055,HpGP-BGD-002,HpAsia2,3
IND1056,HpGP-BGD-003,HpAsia2,3
IND1057,Myanmar52,HpAsia2,3
IND1058,HpGP-MMR-008,HpAsia2,3
IND1059,HpGP-MMR-002,HpAsia2,3
IND1060,HpGP-MMR-005,HpAsia2,3
IND1061,HpGP-USA-422,HpAsia2,3
IND1062,HpGP-MAL-017,HpAsia2,3
IND1063,HpGP-IND-010,HpAsia2,3
IND1064,HpGP-MAL-019,HpAsia2,3
IND1065,FD662,HpAsia2,3
IND1066,HpGP-MMR-003,HpAsia2,3
IND1067,HpGP-MAL-025,HpAsia2,3
IND1068,HpGP-MAL-004,HpAsia2,3
IND1069,HpGP-MAL-002,HpAsia2,3
IND1070,HpGP-MAL-016,HpAsia2,3
IND1071,HpGP-IND-007,HpAsia2,3
IND1072,HpGP-IND-008,HpAsia2,3
IND1073,HpGP-IND-001,HpAsia2,3
IND1074,HpGP-IND-009,HpAsia2,3
IND1075,HpGP-NPL-001,HpAsia2,3
IND1076,HpGP-NPL-011,HpAsia2,3
IND1077,NP05-272,HpAsia2,3
IND1078,HpGP-NPL-013,HpAsia2,3
IND1079,HpGP-NPL-003,HpAsia2,3
IND1080,NP04,HpAsia2,3
IND1081,NP05-112,HpAsia2,3
IND1082,HpGP-NPL-009,HpAsia2,3
IND1083,NP05-278,HpAsia2,3
IND1084,HpGP-NPL-008,HpAsia2,3
IND1085,NP05-121,HpAsia2,3
IND1086,NP05-107,HpAsia2,3
IND1087,HpGP-KOR-032,hspEAsia,5
IND1088,HpGP-KOR-052,hspEAsia,5
IND1089,HpGP-KOR-053,hspEAsia,5
IND1090,HpGP-KOR-050,hspEAsia,5
IND1091,HpGP-KOR-119,hspEAsia,5
IND1092,HpGP-KOR-012,hspEAsia,5
IND1093,52,hspEAsia,5
IND1094,HpGP-KOR-116,hspEAsia,5
IND1095,HpGP-KOR-007,hspEAsia,5
IND1096,HpGP-KOR-006,hspEAsia,5
IND1097,HpGP-KOR-002,hspEAsia,5
IND1098,HpGP-KOR-049,hspEAsia,5
IND1099,HpGP-ARG-008,hspEAsia,5
IND1100,HpGP-KOR-016,hspEAsia,5
IND1101,HpGP-KOR-115,hspEAsia,5
IND1102,HpGP-KOR-034,hspEAsia,5
IND1103,HpGP-KOR-111,hspEAsia,5
IND1104,HpGP-KOR-112,hspEAsia,5
IND1105,HpGP-KOR-036,hspEAsia,5
IND1106,HpGP-KOR-001,hspEAsia,5
IND1107,HpGP-KOR-110,hspEAsia,5
IND1108,HpGP-KOR-005,hspEAsia,5
IND1109,HpGP-KOR-045,hspEAsia,5
IND1110,HpGP-KOR-014,hspEAsia,5
IND1111,HpGP-KOR-021,hspEAsia,5
IND1112,HpGP-KOR-029,hspEAsia,5
IND1113,HpGP-KOR-051,hspEAsia,5
IND1114,HpGP-KOR-020,hspEAsia,5
IND1115,HpGP-KOR-024,hspEAsia,5
IND1116,HpGP-KOR-044,hspEAsia,5
IND1117,HpGP-KOR-035,hspEAsia,5
IND1118,HpGP-KOR-010,hspEAsia,5
IND1119,HpGP-KOR-101,hspEAsia,5
IND1120,HpGP-KOR-037,hspEAsia,5
IND1121,HpGP-ARG-010,hspEAsia,5
IND1122,HpGP-KOR-009,hspEAsia,5
IND1123,HpGP-KOR-046,hspEAsia,5
IND1124,HpGP-KOR-109,hspEAsia,5
IND1125,HpGP-KOR-013,hspEAsia,5
IND1126,HpGP-JAP-013,hspEAsia,5
IND1127,HpGP-KOR-105,hspEAsia,5
IND1128,HpGP-KOR-004,hspEAsia,5
IND1129,HpGP-ARG-009,hspEAsia,5
IND1130,HpGP-KOR-047,hspEAsia,5
IND1131,HpGP-KOR-025,hspEAsia,5
IND1132,HpGP-KOR-048,hspEAsia,5
IND1133,HpGP-JAP-112,hspEAsia,5
IND1134,HpGP-KOR-041,hspEAsia,5
IND1135,HpGP-KOR-022,hspEAsia,5
IND1136,HpGP-KOR-033,hspEAsia,5
IND1137,51,hspEAsia,5
IND1138,HpGP-KOR-117,hspEAsia,5
IND1139,HpGP-KOR-042,hspEAsia,5
IND1140,HpGP-KOR-019,hspEAsia,5
IND1141,HpGP-KOR-114,hspEAsia,5
IND1142,HpGP-KOR-043,hspEAsia,5
IND1143,HpGP-KOR-023,hspEAsia,5
IND1144,HpGP-JAP-017,hspEAsia,5
IND1145,HpGP-KOR-027,hspEAsia,5
IND1146,HpGP-KOR-118,hspEAsia,5
IND1147,HpGP-KOR-008,hspEAsia,5
IND1148,HpGP-KOR-028,hspEAsia,5
IND1149,HpGP-JAP-009,hspEAsia,5
IND1150,HpGP-CHN-008,hspEAsia,5
IND1151,XZ274,hspEAsia,5
IND1152,Yangon222,hspEAsia,5
IND1153,HpGP-CHN-007,hspEAsia,5
IND1154,HpGP-CHN-001,hspEAsia,5
IND1155,HpGP-CHN-009,hspEAsia,5
IND1156,HLJHP271,hspEAsia,5
IND1157,HpGP-CHN-003,hspEAsia,5
IND1158,HpGP-CHN-010,hspEAsia,5
IND1159,HpGP-CHN-005,hspEAsia,5
IND1160,HpGP-CHN-006,hspEAsia,5
IND1161,HpGP-CHN-002,hspEAsia,5
IND1162,HpGP-CHN-004,hspEAsia,5
IND1163,HLJHP253,hspEAsia,5
IND1164,HLJHP256,hspEAsia,5
IND1165,HLJHP193,hspEAsia,5
IND1166,HpGP-JAP-105,hspEAsia,5
IND1167,HpGP-JAP-106,hspEAsia,5
IND1168,HpGP-BRA-012,hspEAsia,5
IND1169,HpGP-JAP-114,hspEAsia,5
IND1170,HpGP-JAP-103,hspEAsia,5
IND1171,F16,hspEAsia,5
IND1172,HpGP-JAP-002,hspEAsia,5
IND1173,98-10,hspEAsia,5
IND1174,HpGP-JAP-015,hspEAsia,5
IND1175,CPY1124,hspEAsia,5
IND1176,F30,hspEAsia,5
IND1177,HpGP-JAP-111,hspEAsia,5
IND1178,HpGP-JAP-022,hspEAsia,5
IND1179,HpGP-JAP-019,hspEAsia,5
IND1180,HpGP-JAP-029,hspEAsia,5
IND1181,HpGP-JAP-021,hspEAsia,5
IND1182,35A,hspEAsia,5
IND1183,HpGP-JAP-016,hspEAsia,5
IND1184,HpGP-JAP-113,hspEAsia,5
IND1185,HpGP-JAP-028,hspEAsia,5
IND1186,HpGP-JAP-107,hspEAsia,5
IND1187,HpGP-JAP-109,hspEAsia,5
IND1188,HpGP-JAP-026,hspEAsia,5
IND1189,HpGP-TWN-030,hspEAsia,5
IND1190,HpGP-CHI-208,hspEAsia,5
IND1191,HpGP-IDN-002,hspEAsia,5
IND1192,HpGP-IDN-005,hspEAsia,5
IND1193,HpGP-IDN-008,hspEAsia,5
IND1194,HpGP-VNM-005,hspEAsia,5
IND1195,HpGP-VNM-006,hspEAsia,5
IND1196,HpGP-VNM-003,hspEAsia,5
IND1197,HpGP-VNM-002,hspEAsia,5
IND1198,HpGP-VNM-009,hspEAsia,5
IND1199,HpGP-VNM-007,hspEAsia,5
IND1200,HpGP-VNM-001,hspEAsia,5
IND1201,HpGP-VNM-004,hspEAsia,5
IND1202,HpGP-VNM-008,hspEAsia,5
IND1203,HpGP-TWN-006,hspEAsia,5
IND1204,HpGP-TWN-002,hspEAsia,5
IND1205,HpGP-SGP-024,hspEAsia,5
IND1206,HpGP-TWN-005,hspEAsia,5
IND1207,HpGP-SGP-015,hspEAsia,5
IND1208,HpGP-TWN-016,hspEAsia,5
IND1209,HpGP-TWN-024,hspEAsia,5
IND1210,HpGP-MAL-015,hspEAsia,5
IND1211,Yangon173,hspEAsia,5
IND1212,HpGP-TWN-021,hspEAsia,5
IND1213,Mandalay38,hspEAsia,5
IND1214,HpGP-TWN-003,hspEAsia,5
IND1215,HpGP-MAL-012,hspEAsia,5
IND1216,HpGP-SGP-019,hspEAsia,5
IND1217,HpGP-TWN-004,hspEAsia,5
IND1218,HpGP-SGP-036,hspEAsia,5
IND1219,HpGP-TWN-026,hspEAsia,5
IND1220,HpGP-MAL-018,hspEAsia,5
IND1221,HpGP-SGP-004,hspEAsia,5
IND1222,HpGP-SGP-009,hspEAsia,5
IND1223,HpGP-TWN-019,hspEAsia,5
IND1224,HpGP-TWN-020,hspEAsia,5
IND1225,HpGP-SGP-005,hspEAsia,5
IND1226,HpGP-TWN-022,hspEAsia,5
IND1227,HpGP-TWN-009,hspEAsia,5
IND1228,HpGP-USA-425,hspEAsia,5
IND1229,HpGP-SGP-033,hspEAsia,5
IND1230,HpGP-TWN-028,hspEAsia,5
IND1231,HpGP-TWN-027,hspEAsia,5
IND1232,HpGP-TWN-001,hspEAsia,5
IND1233,HpGP-TWN-007,hspEAsia,5
IND1234,HpGP-SGP-006,hspEAsia,5
IND1235,HpGP-SGP-017,hspEAsia,5
IND1236,HpGP-TWN-017,hspEAsia,5
IND1237,HpGP-SGP-008,hspEAsia,5
IND1238,HpGP-SGP-038,hspEAsia,5
IND1239,HpGP-TWN-023,hspEAsia,5
IND1240,HpGP-SGP-002,hspEAsia,5
IND1241,HpGP-SGP-003,hspEAsia,5
IND1242,HpGP-MAL-003,hspEAsia,5
IND1243,HpGP-MAL-023,hspEAsia,5
IND1244,HpGP-TWN-008,hspEAsia,5
IND1245,HpGP-TWN-018,hspEAsia,5
IND1246,HpGP-JAP-108,hspEAsia,5
IND1247,HpGP-JAP-101,hspEAsia,5
IND1248,HpGP-JAP-010,hspEAsia,5
IND1249,HpGP-JAP-012,hspEAsia,5
IND1250,HpGP-JAP-115,hspEAsia,5
IND1251,HpGP-SGP-014,hspEAsia,5
IND1252,HpGP-SGP-032,hspEAsia,5
IND1253,HpGP-SGP-026,hspEAsia,5
IND1254,HpGP-MAL-005,hspEAsia,5
IND1255,HpGP-MAL-006,hspEAsia,5
IND1256,HpGP-SGP-012,hspEAsia,5
IND1257,HpGP-MAL-021,hspEAsia,5
IND1258,HpGP-MAL-020,hspEAsia,5
IND1259,HpGP-MAL-022,hspEAsia,5
IND1260,HpGP-USA-011,hspEAsia,5
IND1261,HpGP-TWN-029,hspEAsia,5
IND1262,HpGP-TWN-010,hspEAsia,5
IND1263,HpGP-MAL-010,hspEAsia,5
IND1264,HpGP-SGP-013,hspEAsia,5
IND1265,HpGP-SGP-018,hspEAsia,5
IND1266,HpGP-SGP-007,hspEAsia,5
IND1267,HpGP-MAL-008,hspEAsia,5